,date,active_median,active_05,active_25,active_75,active_95,infectious_median,infectious_05,infectious_25,infectious_75,infectious_95,symptoms_median,symptoms_05,symptoms_25,symptoms_75,symptoms_95,hospitalized_median,hospitalized_05,hospitalized_25,hospitalized_75,hospitalized_95,icu_median,icu_05,icu_25,icu_75,icu_95,dead_median,dead_05,dead_25,dead_75,dead_95,immune_median,immune_05,immune_25,immune_75,immune_95
0,2020-03-12,3452.0,2315.7,2896.0,3768.5,4229.95,1461.5,758.8000000000001,1055.0,1634.5,1945.9499999999998,554.0,507.15000000000003,535.25,565.5,593.65,11.0,5.0,9.0,13.0,23.64999999999999,2.0,1.0,1.25,3.0,5.0,1.0,1.0,1.0,1.0,1.0,535.5,439.6,506.25,617.0,753.3999999999999
1,2020-03-13,4039.0,2866.1000000000004,3546.5,4438.75,4974.199999999999,2185.0,1140.95,1557.5,2426.5,2895.0499999999997,687.0,637.35,663.25,699.25,766.5,13.5,5.45,10.25,15.5,28.0,2.5,1.0,2.0,4.0,5.549999999999997,1.0,1.0,1.0,1.0,1.0,789.0,641.5,722.25,910.75,1137.85
2,2020-03-14,4549.0,3355.5,4109.0,5052.75,5588.899999999998,2432.0,1354.95,1840.0,2672.5,3160.2999999999993,856.0,789.5999999999999,820.25,877.0,1003.1499999999999,13.5,7.45,11.25,18.5,28.549999999999997,3.0,1.0,2.0,4.75,6.549999999999997,1.0,1.0,1.0,1.0,1.0,952.5,774.3,867.25,1110.0,1368.0499999999997
3,2020-03-15,5107.0,3893.25,4710.75,5575.5,6288.299999999997,2702.5,1259.2,1927.25,3072.0,3604.25,1042.0,957.3,1004.25,1071.75,1281.1999999999998,14.5,7.9,12.0,19.5,29.0,3.0,1.4500000000000002,2.0,4.0,6.0,1.0,1.0,1.0,1.0,1.5499999999999972,1148.5,933.5,1038.5,1343.75,1655.7499999999995
4,2020-03-16,5726.0,4424.75,5288.0,6255.0,7167.099999999998,3014.0,1584.5,2170.5,3455.5,3975.7,1267.5,1146.4,1206.5,1319.5,1592.5,15.5,7.9,12.0,19.75,30.549999999999997,3.0,2.0,2.0,5.0,7.0,1.0,1.0,1.0,1.0,2.549999999999997,1403.5,1114.45,1257.5,1647.5,1991.9499999999994
5,2020-03-17,6246.0,4859.55,5715.0,6886.75,7805.399999999998,3221.5,1713.8000000000002,2442.5,3747.25,4305.4,1493.0,1364.55,1431.5,1599.25,1919.3,15.0,8.0,12.0,21.25,30.549999999999997,3.0,1.4500000000000002,2.0,5.0,7.0,1.0,1.0,1.0,1.75,3.0,1697.0,1354.35,1515.5,1961.75,2408.399999999999
6,2020-03-18,6780.5,5363.700000000001,6164.0,7466.25,8498.199999999997,3536.5,1999.3,2714.0,4124.75,4682.55,1749.0,1594.7,1690.0,1896.0,2260.65,14.0,8.0,12.0,19.5,31.549999999999997,3.0,1.0,2.0,5.0,7.0,1.0,1.0,1.0,2.0,3.549999999999997,2043.0,1615.1,1793.75,2344.0,2891.699999999999
7,2020-03-19,7336.5,5887.7,6683.75,8091.5,9227.599999999997,3704.0,2144.2,2904.5,4283.75,4926.85,2021.5,1842.85,1972.5,2219.0,2635.05,14.0,8.0,12.0,21.5,31.099999999999994,3.0,1.0,2.0,5.0,7.0,2.0,1.0,1.0,3.0,5.0,2441.5,1927.15,2114.75,2754.5,3448.8999999999987
8,2020-03-20,7930.5,6432.450000000001,7226.25,8712.0,9987.399999999996,3785.5,2184.3,3020.75,4500.0,5135.099999999999,2328.0,2100.5,2274.25,2559.0,3017.65,15.5,8.0,11.5,22.5,36.0,3.0,1.4500000000000002,2.0,5.0,7.549999999999997,2.0,1.0,1.0,3.0,5.549999999999997,2844.0,2302.05,2520.0,3152.0,4023.1499999999987
9,2020-03-21,8510.0,6892.15,7705.0,9216.5,10607.799999999996,3924.0,2223.4,3122.5,4677.25,5286.4,2638.0,2377.85,2573.75,2917.5,3406.1499999999996,18.0,7.45,12.25,25.75,39.0,4.0,1.4500000000000002,2.0,6.0,8.549999999999997,2.0,1.0,2.0,3.0,6.549999999999997,3289.5,2664.5,2981.25,3633.5,4653.749999999998
10,2020-03-22,9041.0,7332.1,8148.5,9730.5,11212.299999999996,4021.5,2319.4,3182.75,4846.25,5405.15,2976.0,2676.15,2878.75,3287.25,3799.45,20.0,9.9,16.0,28.0,43.099999999999994,4.5,2.0,3.0,7.0,9.0,3.0,1.0,2.0,4.75,7.099999999999994,3768.5,3046.75,3448.75,4195.0,5314.949999999999
11,2020-03-23,9544.0,7760.200000000001,8582.0,10204.0,11778.599999999997,4055.5,2418.45,3231.75,4880.5,5410.599999999999,3319.5,2955.35,3181.0,3648.25,4202.7,25.0,11.9,20.0,34.0,50.55,6.5,2.45,3.25,8.0,10.0,3.0,1.0,2.0,5.0,8.0,4285.0,3475.15,3934.0,4747.0,6049.549999999997
12,2020-03-24,9947.0,8194.9,9012.0,10667.75,12290.249999999996,4062.0,2370.05,3196.25,4847.0,5328.749999999999,3678.0,3242.95,3514.25,4057.75,4607.3,32.0,15.899999999999999,25.25,40.75,65.0,8.0,3.0,4.0,9.75,13.0,4.0,1.0,3.0,5.75,8.549999999999997,4834.5,3901.6,4460.0,5370.25,6772.5999999999985
13,2020-03-25,10316.0,8574.5,9430.5,11166.5,12769.349999999999,4085.0,2353.4,3190.0,4801.25,5254.899999999999,4041.0,3535.3,3844.5,4465.5,5064.5,37.5,21.450000000000003,33.25,47.75,75.55,8.5,3.45,5.0,11.75,16.0,4.0,1.0,3.0,6.75,9.549999999999997,5381.0,4347.9,4985.75,5985.0,7492.599999999997
14,2020-03-26,10747.0,8916.4,9794.0,11620.75,13199.499999999998,4062.0,2301.9,3029.75,4728.75,5164.8499999999985,4397.0,3834.75,4161.75,4907.0,5531.65,44.5,29.7,37.0,55.75,86.34999999999995,9.0,5.0,5.5,13.0,17.0,5.0,1.0,3.0,7.75,10.549999999999997,5894.0,4829.6,5509.5,6590.5,8270.099999999999
15,2020-03-27,11156.5,9254.3,10132.25,12054.5,13554.199999999997,4021.0,2267.25,2993.75,4532.5,5116.4,4720.0,4102.8,4475.5,5333.75,5967.049999999999,54.0,34.8,42.5,63.75,99.89999999999995,11.5,5.9,9.0,14.75,19.549999999999997,5.0,2.0,3.25,8.0,11.0,6403.5,5335.0,6053.25,7167.5,9015.399999999998
16,2020-03-28,11504.5,9550.2,10418.25,12420.75,13837.149999999998,3905.0,2207.8,2904.0,4370.0,5018.549999999999,5003.0,4369.9,4777.75,5709.25,6411.0,63.0,41.45,51.25,73.5,110.44999999999995,12.5,8.0,11.0,16.0,23.099999999999994,5.5,2.45,4.0,10.5,12.549999999999997,6938.5,5842.6,6595.75,7770.5,9779.549999999996
17,2020-03-29,11751.0,9781.45,10695.0,12749.5,14069.599999999999,3789.5,2209.45,2807.0,4240.75,4865.049999999999,5286.5,4623.8,5084.25,6068.25,6857.299999999999,71.0,46.45,59.0,81.75,120.34999999999995,14.0,9.45,11.25,17.75,26.64999999999999,7.0,3.0,5.0,11.0,13.549999999999997,7495.5,6360.0,7151.25,8352.0,10478.499999999996
18,2020-03-30,11961.0,9944.75,10902.5,12947.0,14250.65,3593.0,2160.3500000000004,2682.5,4100.5,4725.0,5574.5,4878.450000000001,5360.25,6416.75,7254.799999999999,77.5,53.35,64.0,94.75,133.04999999999995,16.0,11.0,13.0,19.0,28.099999999999994,8.5,4.45,5.0,11.75,14.099999999999994,8017.0,6878.0,7707.0,8892.25,11157.549999999996
19,2020-03-31,12058.0,10011.15,10981.0,13028.0,14264.399999999998,3381.5,2062.95,2527.0,3991.0,4595.95,5854.0,5103.35,5624.5,6741.5,7670.549999999999,84.5,60.449999999999996,68.5,100.0,141.34999999999997,17.0,12.45,16.0,21.0,29.64999999999999,9.5,5.0,6.25,13.0,15.0,8525.5,7388.35,8214.0,9466.75,11798.049999999996
20,2020-04-01,12103.5,10040.1,11087.25,13113.25,14256.149999999998,3236.0,2000.4499999999998,2387.75,3826.75,4407.049999999999,6157.5,5317.0,5868.5,7078.0,8072.149999999999,87.5,64.9,76.0,108.5,153.09999999999994,20.0,14.0,16.25,24.0,32.099999999999994,10.5,5.45,8.0,15.0,17.0,9026.0,7867.15,8715.0,10026.0,12400.999999999996
21,2020-04-02,12137.0,10046.150000000001,11138.75,13199.25,14189.149999999998,3065.5,1877.4,2235.0,3644.25,4172.05,6449.0,5512.9,6107.25,7434.5,8455.099999999999,92.0,70.9,82.5,113.25,161.14999999999998,20.5,15.45,18.0,25.0,35.64999999999999,12.5,6.0,9.0,16.0,20.549999999999997,9508.0,8328.1,9144.25,10608.0,12992.699999999997
22,2020-04-03,12093.0,10001.3,11100.75,13205.0,14177.199999999999,2842.5,1695.5,2049.0,3379.0,3956.35,6733.0,5711.700000000001,6324.0,7760.25,8844.699999999999,98.5,75.35,83.5,121.0,163.04999999999995,21.5,16.9,18.25,26.5,38.0,15.0,7.0,11.0,18.0,24.549999999999997,10013.5,8778.75,9551.5,11196.0,13550.849999999997
23,2020-04-04,12002.5,9926.599999999999,10992.0,13210.25,14023.05,2676.0,1555.0500000000002,1907.25,3186.75,3747.85,6996.0,5878.2,6524.0,8061.75,9202.399999999998,103.0,77.35,89.75,126.0,171.0,23.0,17.450000000000003,20.25,29.0,39.0,17.0,8.45,12.25,20.5,28.099999999999994,10461.5,9192.95,9996.0,11698.5,14044.549999999997
24,2020-04-05,11911.0,9814.2,10808.0,13107.25,13872.949999999997,2493.5,1420.5,1776.0,2973.5,3534.2499999999995,7250.5,6032.65,6722.5,8362.5,9508.55,104.5,80.6,92.25,130.0,174.2,24.5,19.0,21.25,28.75,41.0,19.0,10.45,14.0,23.75,30.0,10926.0,9618.5,10382.5,12114.75,14544.249999999998
25,2020-04-06,11844.0,9621.900000000001,10645.75,12965.25,13688.65,2297.5,1285.45,1663.0,2717.25,3350.5499999999993,7494.5,6163.65,6912.75,8632.75,9822.699999999997,108.5,83.35,96.25,133.0,175.2,25.5,19.9,22.0,29.0,41.749999999999986,21.5,13.0,16.0,28.0,35.0,11320.0,10055.85,10726.5,12528.75,14996.549999999997
26,2020-04-07,11727.0,9398.400000000001,10409.75,12816.5,13469.55,2130.0,1197.5500000000002,1554.5,2536.75,3136.4999999999995,7708.5,6300.35,7087.5,8904.25,10117.449999999997,110.5,86.44999999999999,99.25,136.75,173.55,26.5,21.0,23.0,30.0,41.64999999999999,23.0,13.45,18.0,32.0,37.099999999999994,11692.0,10420.9,11155.0,12910.75,15361.399999999998
27,2020-04-08,11585.5,9171.95,10158.5,12600.0,13234.05,1971.0,1102.75,1427.0,2350.75,2931.3999999999996,7903.5,6420.7,7243.75,9139.5,10404.249999999998,114.0,85.9,103.5,138.25,174.2,26.5,20.45,24.0,29.0,44.0,29.5,15.45,21.25,34.0,42.19999999999999,12085.0,10754.900000000001,11594.5,13283.75,15753.549999999997
28,2020-04-09,11385.5,8957.25,9908.25,12319.75,12986.699999999997,1796.0,1019.1500000000001,1311.75,2175.75,2754.0499999999993,8062.0,6534.200000000001,7384.0,9352.0,10673.999999999998,117.5,86.05000000000001,103.0,141.75,172.64999999999998,28.0,20.45,24.25,31.25,41.0,33.0,18.450000000000003,24.0,37.0,45.0,12426.5,11103.45,11971.25,13632.75,16102.649999999998
29,2020-04-10,11078.5,8696.35,9654.75,12016.25,12748.55,1652.0,930.9000000000001,1212.25,2025.25,2613.1999999999994,8185.5,6638.95,7521.25,9555.5,10904.599999999999,115.0,86.5,102.75,141.25,174.2,28.0,21.450000000000003,24.25,32.25,40.0,35.0,20.9,26.25,39.75,47.55,12699.0,11416.15,12272.75,13941.75,16410.199999999997
30,2020-04-11,10692.5,8421.0,9398.75,11734.75,12472.3,1475.5,837.25,1111.0,1865.0,2463.95,8299.0,6728.35,7643.0,9739.25,11140.05,118.5,87.35,100.5,141.0,168.04999999999995,28.0,22.0,23.25,31.75,39.0,38.0,24.0,28.25,43.0,53.0,12957.0,11719.8,12535.25,14227.25,16658.749999999996
31,2020-04-12,10317.5,8147.95,9121.5,11397.5,12210.05,1331.5,763.75,1025.25,1728.0,2315.899999999999,8418.5,6810.95,7754.0,9908.75,11363.299999999997,119.0,85.45,100.0,135.25,165.29999999999998,28.5,20.0,24.25,31.75,38.64999999999999,40.5,25.450000000000003,31.0,47.25,58.55,13231.5,11935.5,12777.75,14518.0,16874.35
32,2020-04-13,10003.0,7861.9,8822.0,11005.0,11916.399999999998,1196.5,708.75,941.5,1605.75,2189.6999999999994,8534.5,6886.4,7852.25,10076.5,11561.349999999999,116.0,85.85,98.0,132.5,162.69999999999996,28.0,21.450000000000003,24.0,32.0,38.19999999999999,42.0,27.9,34.25,52.0,63.55,13485.0,12111.650000000001,12991.5,14783.75,17053.949999999997
33,2020-04-14,9658.5,7577.85,8535.75,10672.75,11601.099999999999,1076.5,621.8,884.75,1467.25,2031.9499999999994,8660.0,6956.0,7939.5,10224.25,11724.399999999998,114.5,83.5,99.25,127.75,157.79999999999995,27.5,21.0,24.0,30.75,38.0,44.0,29.900000000000002,38.0,58.25,66.1,13779.0,12297.25,13204.75,15054.0,17216.949999999997
34,2020-04-15,9304.0,7317.35,8271.75,10322.25,11234.95,971.0,551.8499999999999,797.5,1360.75,1879.0999999999995,8766.0,7025.5,8024.75,10357.0,11891.049999999997,111.5,80.05,96.0,127.5,153.54999999999995,26.0,19.9,24.25,30.0,35.55,47.5,32.0,40.25,60.25,69.55,13981.5,12480.1,13390.25,15299.5,17362.55
35,2020-04-16,8970.0,7036.6,7961.25,9982.25,10880.75,899.0,492.55,702.75,1265.75,1761.4999999999995,8870.5,7077.5,8100.25,10485.0,12014.199999999997,108.5,78.05000000000001,94.0,124.0,151.29999999999993,27.0,18.9,23.25,29.75,37.19999999999999,51.0,33.45,42.0,64.5,74.19999999999999,14173.5,12646.6,13539.75,15504.25,17522.3
36,2020-04-17,8646.5,6755.8,7661.0,9601.0,10561.75,810.0,449.90000000000003,632.25,1162.25,1628.7499999999995,8970.5,7121.9,8164.75,10602.25,12130.199999999997,103.0,75.45,91.25,120.25,149.89999999999995,26.0,18.450000000000003,23.25,28.0,37.0,53.5,35.9,49.0,68.25,77.29999999999998,14357.0,12775.8,13682.75,15730.0,17684.15
37,2020-04-18,8358.0,6479.6,7354.75,9245.0,10235.0,744.5,413.0,578.25,1085.75,1510.6499999999994,9056.0,7165.85,8236.75,10712.25,12245.849999999999,101.5,76.44999999999999,88.5,114.75,145.64999999999992,25.5,18.9,23.25,29.0,37.55,56.5,36.45,50.25,72.5,81.64999999999999,14541.0,12874.5,13805.25,15944.0,17857.649999999998
38,2020-04-19,8087.5,6227.200000000001,7053.75,8883.5,9927.0,660.5,371.9,535.0,1009.25,1400.8999999999994,9138.0,7209.45,8291.25,10817.75,12365.449999999997,95.0,71.35,83.75,107.0,142.64999999999992,25.0,19.45,22.0,28.0,35.55,59.5,38.35,53.0,77.25,85.84999999999998,14692.5,12968.65,13928.75,16148.25,18034.55
39,2020-04-20,7817.5,5971.85,6771.75,8576.5,9591.45,610.0,322.0,501.0,921.75,1283.5999999999995,9211.5,7247.1,8339.5,10913.5,12462.199999999999,89.5,70.45,80.5,103.0,134.29999999999993,24.0,19.0,20.0,27.75,32.55,63.0,40.45,54.5,80.75,92.29999999999998,14841.5,13062.2,14035.75,16329.5,18208.45
40,2020-04-21,7544.0,5732.6,6506.5,8261.75,9256.65,560.5,281.4,442.0,845.25,1168.8999999999996,9280.0,7292.75,8381.75,11001.75,12547.449999999999,85.0,65.9,79.25,99.0,129.44999999999993,23.0,17.450000000000003,20.0,27.0,32.099999999999994,65.0,44.35,56.0,83.0,95.64999999999999,14969.5,13133.75,14119.5,16497.25,18347.1
41,2020-04-22,7277.0,5524.05,6233.0,7974.75,8935.15,520.0,260.05,393.25,763.5,1057.9499999999998,9326.0,7326.049999999999,8415.75,11084.0,12627.15,81.5,59.800000000000004,77.0,94.5,127.34999999999995,21.5,17.0,20.0,25.75,31.19999999999999,69.0,46.35,58.0,87.5,99.1,15090.0,13205.0,14252.5,16662.75,18481.25
42,2020-04-23,7024.0,5333.799999999999,5986.25,7724.0,8630.65,477.0,226.05,358.25,692.5,973.1499999999996,9382.0,7360.35,8446.5,11155.0,12697.55,77.5,57.8,74.0,90.5,126.49999999999997,21.5,15.45,18.25,24.0,31.099999999999994,71.0,49.45,61.0,89.5,101.55,15216.0,13267.55,14353.75,16818.75,18578.35
43,2020-04-24,6801.5,5121.6,5734.25,7485.5,8317.75,435.0,202.2,326.75,638.75,906.6999999999996,9433.5,7392.5,8470.75,11223.5,12769.5,74.5,55.25,70.25,88.5,119.94999999999997,20.0,15.0,18.0,23.0,29.549999999999997,73.0,50.35,63.25,92.0,104.55,15309.0,13329.55,14451.0,16947.0,18640.6
44,2020-04-25,6570.0,4932.55,5510.0,7225.0,8045.699999999999,408.5,183.05,294.75,588.25,823.8999999999996,9486.5,7421.4,8495.5,11289.0,12830.349999999999,73.0,53.25,65.75,86.0,114.84999999999998,20.0,14.0,17.25,23.75,27.549999999999997,75.5,50.8,64.25,94.5,107.55,15405.0,13376.2,14541.5,17021.25,18709.05
45,2020-04-26,6340.0,4770.85,5272.0,6983.0,7786.349999999999,371.0,155.8,279.0,533.5,757.0999999999997,9532.0,7450.25,8516.5,11344.25,12881.899999999998,68.5,51.9,62.25,80.0,110.29999999999998,19.0,13.45,16.0,23.0,27.549999999999997,78.0,52.8,66.25,96.5,111.0,15506.0,13427.650000000001,14610.0,17092.5,18769.4
46,2020-04-27,6112.5,4580.4,5079.0,6748.25,7526.299999999999,346.0,142.15,250.0,489.5,687.6999999999996,9569.5,7474.15,8532.0,11389.0,12938.3,67.5,49.0,59.25,75.75,101.19999999999999,18.0,12.45,16.0,23.25,25.0,79.5,54.35,67.5,97.25,112.1,15578.0,13472.349999999999,14690.5,17145.75,18822.1
47,2020-04-28,5880.0,4398.8,4919.5,6534.0,7270.299999999999,311.0,127.45,228.5,453.0,631.4999999999995,9607.5,7491.200000000001,8550.25,11433.75,12978.25,65.0,44.900000000000006,55.25,75.25,99.39999999999998,18.0,12.0,15.0,21.0,25.549999999999997,80.0,55.45,69.25,98.75,114.55,15638.5,13511.05,14753.25,17192.5,18877.9
48,2020-04-29,5704.5,4254.8,4735.0,6336.5,7053.599999999999,283.5,111.8,211.5,410.5,594.7499999999995,9639.5,7510.700000000001,8569.0,11476.0,13017.9,63.0,42.25,52.25,72.75,96.0,18.0,12.0,14.0,20.5,24.099999999999994,83.5,58.0,71.25,101.5,117.0,15687.5,13552.5,14805.75,17236.5,18924.25
49,2020-04-30,5522.0,4105.200000000001,4588.5,6160.75,6822.949999999999,270.5,97.4,186.75,362.25,538.0499999999996,9671.5,7532.4,8584.75,11522.0,13059.349999999999,58.0,40.150000000000006,50.25,67.5,88.74999999999999,17.0,11.45,13.0,19.5,23.0,87.0,59.9,72.75,103.75,118.1,15728.0,13582.75,14861.0,17280.0,18968.85
50,2020-05-01,5351.5,3950.25,4464.25,5988.25,6626.299999999999,241.5,79.45,167.75,318.0,503.0999999999996,9693.5,7547.35,8596.25,11556.75,13101.8,53.5,35.05,46.25,67.5,84.19999999999999,16.0,11.0,13.25,18.0,21.549999999999997,87.0,59.9,76.0,106.25,119.55,15760.0,13618.2,14910.0,17328.0,19005.05
51,2020-05-02,5182.0,3824.55,4345.0,5820.0,6438.549999999999,220.0,67.65,146.75,291.75,464.44999999999965,9714.0,7554.55,8604.75,11591.0,13132.099999999999,51.5,34.05,45.0,62.25,78.0,14.0,10.0,12.0,17.75,20.549999999999997,90.0,62.9,77.0,107.75,120.55,15805.5,13643.900000000001,14947.25,17369.0,19033.199999999997
52,2020-05-03,5034.5,3696.25,4247.0,5646.25,6263.9,193.5,59.85,137.75,250.0,428.79999999999967,9733.0,7562.950000000001,8615.25,11619.25,13162.25,48.0,31.700000000000003,42.25,59.25,77.0,14.0,9.0,12.0,17.0,20.549999999999997,92.0,65.25,77.0,108.75,122.55,15845.0,13666.7,14988.75,17406.75,19066.55
53,2020-05-04,4890.5,3575.6000000000004,4138.0,5464.75,6096.9,165.0,50.0,135.0,229.0,397.4499999999997,9749.0,7565.85,8622.25,11645.5,13194.15,46.0,30.050000000000004,40.0,58.0,74.55,13.5,8.0,12.0,16.0,18.0,93.0,68.0,78.25,108.75,126.0,15883.5,13688.5,15011.5,17435.0,19092.65
54,2020-05-05,4742.5,3448.25,4047.5,5305.0,5933.0,151.5,47.0,113.5,207.75,365.2999999999997,9762.0,7569.4,8628.75,11673.0,13219.599999999999,43.5,27.5,36.75,52.75,72.1,13.0,7.45,10.25,15.75,18.0,94.0,69.0,78.25,110.75,128.1,15917.0,13712.05,15044.25,17458.75,19122.85
55,2020-05-06,4587.0,3331.8999999999996,3937.75,5139.0,5800.2,128.0,43.95,95.75,184.5,344.8499999999997,9777.0,7573.6,8634.5,11690.25,13246.55,41.5,24.700000000000003,35.0,49.75,70.55,12.0,7.0,9.0,15.75,18.0,95.5,71.0,79.0,112.0,131.1,15951.0,13725.85,15069.75,17483.0,19143.5
56,2020-05-07,4459.0,3215.3500000000004,3831.0,5006.5,5663.75,126.0,37.35,80.75,165.0,309.39999999999975,9790.0,7578.6,8637.5,11711.75,13269.05,39.0,23.700000000000003,32.5,47.75,62.55,12.0,6.45,9.0,15.0,17.549999999999997,95.5,71.45,79.5,113.0,134.64999999999998,15986.0,13741.45,15090.5,17522.0,19162.300000000003
57,2020-05-08,4366.0,3098.8,3743.0,4876.75,5514.55,107.5,31.45,75.75,164.25,289.9499999999998,9802.0,7581.799999999999,8641.25,11728.75,13290.400000000001,37.0,23.25,32.25,45.0,58.19999999999999,11.5,5.0,8.25,14.0,17.549999999999997,96.5,72.45,80.25,114.75,135.64999999999998,16012.5,13758.150000000001,15114.75,17563.25,19174.0
58,2020-05-09,4286.0,3000.4,3652.5,4741.5,5379.15,94.5,30.0,71.5,159.75,256.99999999999983,9809.0,7585.35,8643.25,11740.5,13311.25,35.0,23.25,30.25,42.0,58.099999999999994,11.5,5.0,8.25,13.75,16.0,96.5,73.0,81.25,116.25,136.1,16033.5,13767.5,15139.25,17599.0,19183.85
59,2020-05-10,4212.5,2912.25,3581.5,4630.75,5264.5,83.5,25.35,61.0,140.0,233.84999999999985,9819.0,7588.0,8647.0,11757.0,13329.2,33.5,21.15,27.5,40.75,53.099999999999994,10.5,5.0,8.0,13.0,15.649999999999991,97.0,73.44999999999999,82.25,116.75,136.55,16062.0,13782.849999999999,15162.75,17633.25,19193.0
60,2020-05-11,4127.0,2826.7,3503.25,4557.0,5164.099999999999,76.0,18.0,50.5,133.75,218.44999999999985,9825.5,7589.0,8651.25,11769.5,13346.7,31.5,19.700000000000003,25.0,38.75,51.0,10.0,5.0,8.0,12.75,15.099999999999994,98.0,73.9,82.25,118.25,137.1,16080.0,13795.25,15183.25,17660.5,19207.2
61,2020-05-12,4042.5,2742.65,3418.5,4482.0,5058.049999999999,70.0,14.0,39.0,118.5,194.19999999999987,9829.5,7590.45,8653.0,11780.5,13360.65,30.5,16.8,24.25,37.25,50.0,9.0,5.0,7.0,11.75,14.549999999999997,99.0,74.35,83.25,119.0,137.55,16102.5,13807.3,15201.0,17695.25,19216.550000000003
62,2020-05-13,3959.0,2680.25,3354.5,4416.25,4958.9,66.0,13.0,33.5,115.25,181.14999999999992,9835.0,7592.1,8655.0,11796.25,13374.05,28.5,15.350000000000001,22.5,38.0,49.099999999999994,9.0,5.0,7.0,11.0,14.549999999999997,101.5,74.9,84.0,119.75,138.55,16122.5,13818.8,15213.25,17720.5,19231.55
63,2020-05-14,3885.0,2612.6,3288.25,4327.25,4871.099999999999,60.0,11.25,32.25,106.0,165.54999999999995,9839.5,7593.2,8657.25,11803.5,13381.400000000001,28.0,13.8,22.5,35.0,46.19999999999999,8.5,5.0,6.25,11.0,13.0,102.0,75.35,84.25,120.75,139.1,16140.5,13828.35,15227.25,17750.0,19238.9
64,2020-05-15,3824.0,2555.3999999999996,3229.75,4253.25,4786.349999999999,57.0,10.8,28.0,97.25,154.95,9842.5,7594.3,8657.25,11813.75,13389.3,27.0,12.25,20.75,32.25,44.099999999999994,8.0,5.0,6.0,11.75,13.0,103.0,75.80000000000001,85.0,121.75,139.55,16154.5,13838.6,15238.25,17773.25,19244.2
65,2020-05-16,3771.0,2512.4,3182.25,4174.0,4689.5,54.0,9.9,24.75,89.5,135.59999999999997,9848.0,7595.4,8659.25,11825.25,13399.55,26.0,11.8,20.25,30.5,42.19999999999999,7.5,4.0,5.0,10.75,13.0,104.5,75.80000000000001,85.25,124.25,139.55,16166.5,13845.150000000001,15248.0,17785.75,19251.5
66,2020-05-17,3733.5,2470.45,3142.0,4108.5,4626.549999999999,45.0,8.9,21.25,78.75,122.64999999999993,9853.0,7596.4,8660.5,11831.75,13411.25,24.5,11.45,19.0,28.75,42.19999999999999,7.0,4.0,5.0,9.75,12.549999999999997,104.5,75.80000000000001,85.25,125.75,140.1,16181.0,13851.55,15250.75,17796.0,19256.25
67,2020-05-18,3686.5,2432.8,3092.0,4052.0,4550.049999999999,45.5,6.45,19.5,65.75,111.49999999999991,9856.0,7596.950000000001,8660.5,11841.0,13419.7,24.0,11.45,18.0,27.75,37.64999999999999,7.5,4.0,5.0,9.75,12.0,104.5,76.35,85.5,126.75,141.2,16195.0,13857.3,15258.25,17808.0,19262.699999999997
68,2020-05-19,3644.5,2396.15,3053.25,4015.25,4472.7,44.0,4.9,17.25,56.75,103.54999999999994,9859.5,7597.5,8661.5,11849.5,13428.95,22.5,10.9,16.25,27.5,36.099999999999994,7.0,4.0,4.25,9.0,10.549999999999997,104.5,76.9,87.0,127.75,142.2,16207.5,13863.05,15265.0,17821.75,19268.35
69,2020-05-20,3598.0,2363.85,3016.75,3962.75,4413.449999999999,39.0,4.0,14.5,56.5,96.79999999999995,9861.5,7597.950000000001,8661.75,11856.25,13434.85,20.5,10.350000000000001,16.0,26.75,33.19999999999999,6.0,4.0,4.25,8.75,10.0,104.5,76.9,87.25,128.75,143.1,16215.0,13867.150000000001,15269.75,17832.25,19273.75
70,2020-05-21,3546.5,2332.75,2990.5,3919.5,4361.449999999999,34.5,3.0,15.75,50.0,90.34999999999995,9865.0,7597.950000000001,8662.0,11860.75,13441.2,19.5,9.350000000000001,15.0,25.5,33.29999999999998,6.0,3.0,4.0,8.0,10.0,106.0,77.9,87.5,128.75,143.1,16226.5,13871.8,15272.5,17843.5,19276.75
71,2020-05-22,3501.0,2300.0,2966.25,3884.75,4301.299999999999,31.0,2.45,12.75,51.25,81.34999999999995,9868.5,7597.950000000001,8662.25,11866.25,13445.650000000001,18.0,8.25,14.0,22.0,31.64999999999999,5.5,3.0,4.0,7.0,9.549999999999997,107.0,78.9,88.25,129.0,144.0,16232.0,13877.650000000001,15279.0,17849.75,19281.199999999997
72,2020-05-23,3465.0,2276.7,2946.0,3846.5,4263.9,28.5,2.45,14.25,44.75,75.89999999999995,9871.5,7597.950000000001,8662.25,11870.0,13449.45,17.0,8.25,13.25,22.0,29.549999999999997,5.0,3.0,4.0,7.0,9.0,107.0,78.9,88.5,129.75,145.55,16239.5,13881.1,15280.25,17856.5,19286.55
73,2020-05-24,3433.0,2253.8,2925.25,3805.5,4223.65,27.5,1.9000000000000004,14.75,43.0,68.79999999999995,9874.5,7597.950000000001,8662.5,11872.0,13454.25,16.5,7.800000000000001,12.25,21.0,28.0,5.0,3.0,4.0,6.75,8.549999999999997,107.5,79.45,89.25,130.5,145.55,16250.5,13885.2,15282.5,17862.5,19289.75
74,2020-05-25,3403.5,2234.8999999999996,2906.5,3776.25,4190.699999999999,25.0,1.9000000000000004,16.25,41.5,68.79999999999995,9876.0,7597.950000000001,8662.75,11875.75,13457.5,15.5,7.800000000000001,12.0,21.0,27.0,4.0,2.0,3.25,6.75,9.0,107.5,80.80000000000001,89.25,130.5,146.64999999999998,16255.0,13889.5,15285.0,17865.5,19295.4
75,2020-05-26,3379.5,2212.2,2890.25,3760.5,4161.799999999999,22.0,1.9000000000000004,14.0,40.0,68.34999999999995,9878.5,7597.950000000001,8663.0,11877.75,13460.75,14.5,7.800000000000001,12.0,20.0,24.099999999999994,4.0,2.0,3.0,6.0,9.0,108.0,80.80000000000001,89.5,130.5,148.1,16263.0,13892.7,15288.75,17869.5,19300.5
76,2020-05-27,3361.0,2199.25,2873.25,3752.0,4137.799999999999,21.5,1.9000000000000004,13.0,37.75,63.949999999999974,9880.5,7598.950000000001,8663.25,11881.5,13466.0,14.0,7.3500000000000005,11.25,18.75,23.099999999999994,4.0,2.0,3.0,5.75,9.0,108.0,81.25,89.5,130.5,149.1,16267.5,13896.35,15290.75,17873.0,19303.949999999997
77,2020-05-28,3347.0,2178.5,2857.25,3739.75,4113.599999999999,21.0,2.0,12.5,41.0,65.29999999999998,9883.0,7598.950000000001,8663.5,11886.5,13468.55,13.5,6.9,10.25,17.75,21.549999999999997,4.0,2.0,3.0,5.75,8.0,108.5,81.25,89.5,130.5,149.1,16272.5,13900.35,15293.75,17876.5,19307.5
78,2020-05-29,3332.0,2165.55,2839.25,3729.0,4087.7999999999997,21.0,3.0,12.0,38.0,67.55,9884.5,7598.950000000001,8663.5,11890.0,13472.2,13.0,6.45,9.25,16.75,20.0,3.5,2.0,3.0,5.0,8.0,109.0,81.25,90.25,130.5,149.1,16281.5,13902.25,15297.75,17882.5,19309.050000000003
79,2020-05-30,3311.0,2160.0,2830.75,3719.75,4073.8999999999996,23.5,3.45,14.0,38.25,63.19999999999999,9887.5,7598.950000000001,8663.75,11894.75,13474.849999999999,13.0,6.45,9.0,16.5,19.549999999999997,3.0,2.0,2.25,5.0,7.549999999999997,109.0,81.25,91.0,131.25,150.2,16286.5,13904.15,15299.5,17889.25,19310.85
80,2020-05-31,3295.5,2148.1000000000004,2819.5,3713.5,4058.8999999999996,22.0,3.0,12.0,38.25,63.29999999999998,9892.0,7598.950000000001,8664.75,11896.75,13477.599999999999,12.5,6.0,8.25,15.0,19.0,3.0,2.0,2.25,4.0,7.549999999999997,109.5,81.25,91.0,132.0,151.2,16290.5,13905.7,15301.25,17893.5,19313.85
81,2020-06-01,3272.0,2144.95,2808.25,3691.25,4043.3999999999996,23.0,4.0,14.25,42.0,60.099999999999994,9895.5,7598.950000000001,8665.0,11901.0,13483.9,11.5,6.0,8.0,15.0,19.099999999999994,3.0,2.0,2.0,4.0,7.549999999999997,110.0,81.25,91.0,132.0,152.2,16297.0,13907.25,15305.25,17897.25,19314.4
82,2020-06-02,3260.5,2144.05,2792.75,3673.5,4030.55,25.0,5.45,13.25,42.25,57.19999999999999,9898.5,7598.950000000001,8665.25,11903.0,13485.349999999999,10.5,5.45,7.0,14.0,18.0,3.0,1.0,2.0,4.0,7.0,110.0,81.7,91.0,132.0,153.29999999999998,16301.0,13910.15,15307.75,17899.75,19316.949999999997
83,2020-06-03,3249.5,2151.3999999999996,2788.5,3666.0,4024.8999999999996,23.5,5.45,11.0,38.0,59.0,9901.0,7599.5,8665.5,11905.75,13488.45,10.0,5.45,7.0,14.0,17.099999999999994,3.0,1.0,2.0,4.0,6.0,110.0,81.7,91.0,132.0,153.29999999999998,16306.0,13916.6,15308.75,17905.25,19320.6
84,2020-06-04,3240.5,2153.7,2782.25,3660.5,4016.3499999999995,24.0,5.0,11.5,42.5,54.64999999999999,9905.0,7599.5,8667.25,11910.75,13492.0,9.0,5.0,7.0,13.0,17.0,3.0,1.0,2.0,3.75,6.0,110.0,82.25,91.0,132.0,153.29999999999998,16313.5,13919.8,15310.5,17910.0,19323.15
85,2020-06-05,3234.0,2152.75,2772.75,3647.25,4007.1499999999996,26.0,5.3500000000000005,15.0,49.0,60.19999999999999,9910.0,7599.5,8668.0,11912.5,13494.55,9.0,5.0,6.25,11.75,17.099999999999994,3.0,1.0,2.0,3.75,6.0,110.5,82.7,91.0,132.0,153.29999999999998,16316.5,13922.25,15315.75,17913.25,19325.6
86,2020-06-06,3234.0,2163.2,2765.0,3645.25,4005.15,27.5,6.45,17.0,53.5,65.55,9913.0,7599.5,8668.75,11915.25,13496.1,8.5,5.0,6.0,11.75,16.099999999999994,3.0,1.0,2.0,3.0,5.549999999999997,110.5,82.7,91.25,132.75,154.29999999999998,16322.0,13929.25,15319.5,17917.25,19328.7
87,2020-06-07,3232.0,2178.5,2762.0,3641.0,4001.6499999999996,35.5,9.0,21.5,57.0,73.1,9917.5,7599.95,8670.75,11920.0,13498.55,8.5,5.0,6.0,10.75,15.549999999999997,2.0,1.0,2.0,3.0,5.549999999999997,110.5,82.7,91.5,132.75,154.29999999999998,16330.0,13933.6,15322.5,17921.75,19329.800000000003
88,2020-06-08,3232.0,2188.25,2762.75,3637.75,3994.85,37.0,10.9,23.75,64.0,79.29999999999998,9925.0,7600.85,8672.25,11922.75,13501.65,8.0,4.0,6.0,11.0,14.0,2.0,1.0,1.25,3.0,5.0,110.5,82.7,92.25,133.25,154.29999999999998,16334.5,13939.7,15329.25,17924.5,19330.35
89,2020-06-09,3234.5,2200.95,2764.25,3638.25,3994.3999999999996,41.0,13.0,31.0,73.0,87.1,9935.5,7600.85,8673.75,11927.75,13505.2,7.5,3.45,5.0,10.0,14.0,2.0,1.0,1.0,3.0,5.0,111.0,82.7,92.5,133.25,154.84999999999997,16344.0,13948.900000000001,15334.75,17929.5,19332.0
90,2020-06-10,3235.0,2224.3,2769.0,3634.25,3994.2,47.5,16.9,36.25,77.75,91.1,9941.0,7601.4,8674.75,11934.25,13511.05,7.0,3.45,5.0,10.5,13.549999999999997,2.0,1.0,1.0,3.0,4.549999999999997,111.0,82.7,92.5,133.25,155.39999999999998,16356.5,13953.25,15342.25,17933.5,19334.550000000003
91,2020-06-11,3241.0,2245.2,2779.75,3627.25,3997.4,54.5,20.0,36.0,83.5,99.19999999999999,9953.0,7602.4,8675.5,11940.25,13516.6,7.0,3.0,5.0,9.0,13.549999999999997,2.0,1.0,1.0,3.0,4.0,111.0,82.7,92.5,134.0,155.84999999999997,16363.5,13960.55,15352.0,17939.0,19340.65
92,2020-06-12,3246.0,2275.6000000000004,2783.0,3626.25,3999.1499999999996,61.0,24.35,47.75,97.25,111.19999999999999,9964.5,7605.5,8676.5,11948.75,13520.150000000001,6.0,2.45,5.0,9.0,14.0,2.0,1.0,1.0,3.0,4.0,111.5,82.7,92.5,134.0,155.84999999999997,16370.0,13964.95,15358.25,17944.0,19347.85
93,2020-06-13,3249.5,2307.3500000000004,2795.5,3631.75,4004.0999999999995,68.0,29.450000000000003,53.25,106.75,128.29999999999998,9975.0,7607.05,8677.5,11956.0,13525.05,6.0,2.45,5.0,9.0,13.549999999999997,2.0,1.0,1.0,3.0,4.0,111.5,82.7,92.5,134.25,156.29999999999998,16381.5,13973.7,15370.75,17949.0,19350.85
94,2020-06-14,3262.0,2342.85,2813.0,3637.0,4011.3499999999995,74.5,31.9,60.25,108.25,137.2,9988.5,7610.049999999999,8678.5,11961.75,13533.95,6.0,2.45,4.25,9.0,12.099999999999994,2.0,1.0,1.0,3.0,4.0,112.0,82.7,92.5,134.25,156.29999999999998,16397.5,13981.099999999999,15384.5,17955.75,19356.5
95,2020-06-15,3273.0,2362.55,2822.25,3645.75,4015.25,86.5,38.9,65.25,122.75,153.95,10006.5,7612.6,8680.25,11971.5,13540.849999999999,6.0,2.45,4.0,9.0,12.099999999999994,2.0,0.4500000000000002,1.0,3.0,4.0,112.0,82.7,92.5,134.25,156.84999999999997,16416.5,13987.95,15394.0,17965.0,19362.45
96,2020-06-16,3283.0,2399.05,2836.25,3661.5,4024.7999999999997,95.0,44.45,72.25,124.75,171.55,10023.5,7616.799999999999,8682.25,11980.5,13548.75,6.0,2.0,4.0,9.0,11.549999999999997,2.0,0.0,1.0,3.0,4.0,112.0,82.7,92.5,134.25,156.84999999999997,16440.0,13995.05,15408.25,17978.5,19373.05
97,2020-06-17,3297.0,2436.45,2850.0,3685.75,4038.6499999999996,110.5,51.9,79.5,141.5,194.55,10043.0,7621.0,8685.0,11993.5,13559.2,6.5,2.0,4.0,8.75,13.099999999999994,2.0,0.0,1.0,3.0,4.0,112.5,83.25,92.5,134.5,157.39999999999998,16461.5,14003.150000000001,15421.75,17988.75,19383.55
98,2020-06-18,3309.5,2478.6499999999996,2870.0,3710.0,4059.7999999999997,130.5,57.35,88.5,153.5,206.2,10065.5,7626.55,8689.75,12004.75,13572.099999999999,7.0,1.4500000000000002,3.25,8.0,13.099999999999994,2.0,0.0,1.0,3.0,4.0,112.5,83.25,93.25,134.5,157.39999999999998,16484.5,14012.45,15438.5,18001.25,19395.15
99,2020-06-19,3329.5,2517.8,2892.0,3753.0,4071.3499999999995,137.5,61.6,97.5,169.75,226.84999999999997,10085.5,7633.299999999999,8696.0,12017.25,13579.650000000001,6.5,1.4500000000000002,4.0,8.75,12.0,2.0,0.0,1.0,3.0,4.0,112.5,83.25,93.25,134.5,157.39999999999998,16520.0,14024.4,15455.5,18018.0,19408.5
100,2020-06-20,3358.0,2576.3,2929.25,3807.25,4090.5,143.0,75.45,108.25,182.0,233.55,10109.5,7640.5,8702.75,12030.5,13593.25,6.0,2.0,4.0,8.75,12.0,1.0,0.0,1.0,3.0,4.0,113.5,83.25,93.25,134.5,157.39999999999998,16554.5,14037.45,15474.25,18036.75,19427.4
101,2020-06-21,3376.5,2629.6000000000004,2950.75,3837.0,4110.65,154.5,84.25,109.75,197.75,252.55,10137.0,7647.5,8709.5,12049.75,13608.95,6.0,1.4500000000000002,4.0,9.0,12.0,2.0,0.0,1.0,3.0,4.549999999999997,113.5,83.25,94.0,134.5,157.39999999999998,16586.5,14049.25,15498.0,18049.25,19441.1
102,2020-06-22,3395.5,2703.3,2971.5,3871.5,4136.6,173.0,96.80000000000001,121.25,217.25,275.75,10165.0,7657.45,8717.5,12062.5,13625.2,7.0,1.4500000000000002,4.0,8.75,12.099999999999994,1.5,0.0,1.0,3.0,4.099999999999994,113.5,83.25,94.25,134.5,157.95,16621.0,14061.95,15526.25,18072.25,19462.649999999998
103,2020-06-23,3431.0,2758.3999999999996,2994.25,3910.75,4166.299999999999,193.0,104.85,140.0,245.75,297.75,10195.5,7665.450000000001,8728.0,12085.5,13640.75,7.0,1.4500000000000002,4.0,8.0,12.649999999999991,1.0,0.0,0.25,2.0,4.6499999999999915,113.5,83.25,94.25,135.5,158.39999999999998,16667.0,14077.35,15555.75,18095.5,19489.199999999997
104,2020-06-24,3456.0,2830.45,3033.75,3947.5,4204.549999999999,218.5,123.14999999999999,156.0,268.25,320.5,10226.0,7676.45,8741.0,12107.75,13659.599999999999,7.0,1.4500000000000002,4.0,9.0,12.549999999999997,1.0,0.0,0.25,2.75,3.549999999999997,113.5,83.25,94.25,136.5,158.39999999999998,16686.5,14102.650000000001,15581.5,18121.25,19509.5
105,2020-06-25,3484.5,2875.9,3077.5,3993.0,4256.25,249.5,136.9,155.75,286.75,359.54999999999995,10263.0,7686.6,8752.0,12127.25,13679.900000000001,7.0,1.4500000000000002,4.25,9.75,13.549999999999997,1.0,0.0,0.0,2.75,3.549999999999997,113.5,83.25,94.25,136.5,158.39999999999998,16715.5,14124.3,15617.75,18149.25,19536.7
106,2020-06-26,3508.0,2926.75,3139.0,4039.75,4283.799999999999,277.0,148.45,172.5,325.5,379.65,10301.5,7703.25,8773.0,12152.75,13701.849999999999,7.0,1.4500000000000002,5.25,9.0,13.099999999999994,1.0,0.0,0.25,3.0,3.549999999999997,113.5,83.69999999999999,94.25,136.5,158.39999999999998,16745.0,14145.45,15662.5,18179.5,19572.7
107,2020-06-27,3535.0,2980.6,3210.75,4066.75,4325.549999999999,306.5,158.5,196.0,353.75,413.2,10336.5,7720.65,8791.25,12178.0,13724.35,7.0,2.0,6.0,9.75,13.0,1.0,0.0,0.25,3.0,3.549999999999997,114.0,83.69999999999999,95.0,136.5,158.39999999999998,16771.5,14169.2,15703.0,18214.25,19608.8
108,2020-06-28,3565.0,3030.9,3292.75,4111.75,4380.4,322.5,176.45,197.0,381.25,437.54999999999995,10378.5,7735.049999999999,8811.25,12201.75,13760.05,8.0,2.45,6.0,10.75,13.0,1.0,0.0,0.0,3.0,4.099999999999994,114.0,84.25,95.0,136.75,158.84999999999997,16805.5,14196.1,15754.0,18248.5,19644.85
109,2020-06-29,3609.0,3082.5,3372.0,4181.0,4444.45,337.5,181.75,204.0,397.5,448.75,10415.5,7751.1,8833.75,12244.0,13788.599999999999,7.0,3.0,6.0,11.0,13.549999999999997,1.5,0.0,0.25,3.0,4.099999999999994,114.0,84.25,95.0,137.0,158.84999999999997,16842.0,14223.400000000001,15814.5,18283.0,19697.799999999996
110,2020-06-30,3659.5,3126.6499999999996,3431.5,4245.0,4505.8,343.5,194.45,215.5,411.5,465.65,10454.0,7772.049999999999,8850.5,12277.75,13815.8,8.0,3.0,6.0,11.0,14.099999999999994,2.0,0.0,0.25,2.75,4.549999999999997,114.0,84.7,95.25,137.0,158.84999999999997,16879.5,14255.1,15870.25,18327.5,19747.799999999996
111,2020-07-01,3707.5,3174.1000000000004,3482.0,4293.0,4567.85,351.5,197.35000000000002,237.5,417.25,487.3499999999999,10492.5,7792.75,8872.5,12312.75,13849.400000000001,8.5,3.0,6.0,10.75,13.549999999999997,2.0,0.0,1.0,2.0,4.0,114.0,84.7,95.25,137.0,158.84999999999997,16918.0,14285.4,15923.25,18369.75,19801.35
112,2020-07-02,3749.0,3222.05,3524.5,4333.25,4629.9,366.0,212.0,246.75,429.5,516.3999999999999,10540.0,7814.15,8898.5,12353.25,13878.4,9.0,3.45,6.25,10.75,14.549999999999997,2.0,0.0,1.0,2.0,5.549999999999997,114.0,84.7,95.25,137.0,159.29999999999998,16964.0,14323.8,15971.75,18410.5,19852.699999999997
113,2020-07-03,3816.5,3262.2,3573.75,4375.75,4693.1,367.0,222.15,258.0,447.5,533.3,10576.0,7838.65,8924.25,12380.75,13908.599999999999,9.0,3.45,6.25,11.75,15.649999999999991,2.0,0.0,1.0,2.0,5.099999999999994,114.0,84.7,96.0,137.0,159.29999999999998,17006.0,14360.95,16017.5,18448.5,19909.35
114,2020-07-04,3898.5,3297.85,3635.5,4423.0,4756.549999999999,378.0,224.9,265.25,476.25,553.2,10623.5,7863.699999999999,8949.0,12415.75,13949.599999999999,9.5,3.0,6.25,12.0,18.099999999999994,2.0,0.0,1.0,3.0,5.099999999999994,114.0,85.15,96.0,137.75,159.29999999999998,17046.5,14394.7,16073.0,18487.25,19964.799999999996
115,2020-07-05,3966.5,3334.25,3656.75,4480.5,4803.5,392.5,231.89999999999998,276.75,491.25,586.8499999999999,10667.5,7891.6,8973.0,12453.75,13986.05,10.0,3.45,7.25,13.75,16.549999999999997,2.0,0.0,1.0,3.0,5.099999999999994,114.0,85.15,96.0,137.75,159.29999999999998,17098.0,14439.75,16133.25,18527.75,20022.299999999996
116,2020-07-06,4032.0,3359.4,3685.0,4521.5,4850.35,401.0,246.0,295.25,507.25,608.9499999999998,10713.5,7916.200000000001,8998.0,12490.75,14028.15,11.0,4.45,7.25,14.0,18.749999999999986,2.0,0.0,1.0,3.0,5.099999999999994,114.0,85.15,96.5,138.0,159.29999999999998,17148.0,14485.75,16179.5,18576.0,20084.05
117,2020-07-07,4061.0,3387.2,3717.75,4563.25,4904.549999999999,416.0,259.35,306.25,524.25,628.05,10763.0,7940.700000000001,9028.0,12528.75,14068.55,11.0,5.0,8.0,13.75,19.84999999999998,2.0,0.4500000000000002,1.0,3.0,4.549999999999997,114.0,85.6,96.75,138.0,160.95,17200.5,14534.25,16233.75,18625.75,20151.6
118,2020-07-08,4103.5,3407.8,3747.5,4600.75,4954.9,432.5,268.15,310.75,542.75,658.0,10815.5,7970.200000000001,9056.75,12570.25,14108.65,11.5,5.45,8.25,15.0,20.749999999999986,2.0,0.4500000000000002,1.0,3.0,5.0,114.0,85.6,96.75,138.75,160.95,17260.0,14578.75,16285.25,18679.0,20215.949999999997
119,2020-07-09,4152.5,3441.5,3770.75,4644.75,4999.299999999999,443.0,267.5,307.5,544.75,680.0,10867.0,7999.85,9083.0,12610.5,14153.900000000001,12.0,5.45,8.25,16.0,21.549999999999997,2.0,0.4500000000000002,1.0,3.0,5.0,115.0,85.6,97.75,139.5,161.95,17332.0,14620.65,16360.25,18731.25,20290.699999999997
120,2020-07-10,4198.5,3464.9,3807.0,4674.0,5048.299999999999,455.5,263.35,308.25,566.75,700.1999999999999,10922.0,8034.0,9111.5,12651.0,14200.3,13.5,7.0,9.25,18.5,21.549999999999997,2.0,1.0,1.0,3.0,6.099999999999994,115.5,85.6,97.75,140.25,161.95,17393.5,14671.55,16440.25,18799.75,20355.649999999994
121,2020-07-11,4245.0,3479.9,3840.75,4722.5,5086.15,465.0,255.85,314.5,577.5,726.55,10969.5,8060.85,9141.25,12698.0,14243.8,13.5,7.0,10.25,18.0,22.549999999999997,2.0,0.4500000000000002,1.0,3.75,6.099999999999994,115.5,86.15,97.75,140.25,161.95,17465.0,14721.150000000001,16518.0,18854.5,20432.35
122,2020-07-12,4289.5,3503.15,3875.25,4779.0,5126.9,470.0,262.9,321.25,593.75,741.65,11025.5,8095.35,9174.0,12747.5,14287.9,14.0,6.45,10.25,18.0,22.549999999999997,2.0,0.0,1.25,4.0,6.099999999999994,116.0,86.15,98.0,141.0,161.95,17541.0,14776.6,16604.25,18913.75,20503.699999999997
123,2020-07-13,4331.5,3526.45,3905.25,4812.75,5187.9,472.0,270.8,340.75,605.0,751.4,11084.0,8124.85,9208.0,12793.5,14336.4,15.0,7.45,11.25,19.0,23.0,2.0,0.0,1.0,4.0,6.099999999999994,116.5,86.15,99.5,141.75,162.39999999999998,17618.0,14836.150000000001,16682.5,18986.75,20582.35
124,2020-07-14,4379.5,3543.0,3937.0,4835.75,5253.7,480.5,275.8,330.75,617.75,759.55,11136.0,8154.4,9235.75,12831.5,14382.65,15.0,7.45,13.25,18.0,24.0,2.5,0.4500000000000002,1.0,4.0,5.549999999999997,116.5,86.15,99.5,141.75,162.84999999999997,17702.0,14892.35,16757.0,19045.5,20667.449999999997
125,2020-07-15,4416.0,3564.3,3967.25,4868.25,5292.9,472.5,275.35,346.25,631.25,777.55,11195.5,8185.2,9266.5,12878.75,14428.55,16.0,7.45,13.0,18.0,24.549999999999997,2.5,1.0,1.0,4.0,5.549999999999997,116.5,86.15,99.5,141.75,163.75,17786.5,14966.95,16840.75,19108.5,20744.0
126,2020-07-16,4455.5,3591.95,4001.0,4887.75,5353.9,479.5,273.7,345.25,629.25,783.0999999999999,11258.0,8218.85,9293.75,12920.25,14476.0,16.5,8.45,13.25,18.0,26.099999999999994,3.0,1.0,1.25,3.0,5.0,117.0,86.15,100.25,141.75,165.39999999999998,17868.5,15042.65,16900.75,19173.5,20843.299999999996
127,2020-07-17,4492.0,3619.9,4036.75,4927.25,5413.4,486.0,282.75,363.5,630.5,782.7,11314.5,8253.4,9330.25,12970.75,14532.55,16.0,8.45,12.5,19.0,27.549999999999997,3.0,1.0,2.0,4.0,6.0,117.0,86.15,100.25,141.75,165.39999999999998,17950.5,15110.7,16961.75,19228.75,20916.149999999998
128,2020-07-18,4525.5,3628.5,4071.5,4958.25,5461.549999999999,488.5,292.55,376.5,633.25,770.0999999999999,11371.0,8278.85,9357.0,13011.75,14593.099999999999,17.0,7.9,13.0,21.0,27.549999999999997,3.0,0.4500000000000002,2.0,4.0,6.0,117.0,86.15,101.25,141.75,165.95,18044.0,15170.400000000001,17019.0,19299.25,20981.449999999997
129,2020-07-19,4571.5,3643.05,4113.25,5009.25,5512.5,486.5,292.4,368.25,641.5,779.6499999999999,11428.5,8306.65,9382.75,13061.0,14638.45,16.5,7.9,14.25,22.5,28.0,3.0,0.4500000000000002,2.0,4.0,6.549999999999997,117.5,86.7,102.0,141.75,165.95,18140.0,15241.599999999999,17087.0,19374.5,21046.999999999996
130,2020-07-20,4600.0,3656.4,4153.0,5047.25,5566.449999999999,497.5,286.4,372.75,650.25,785.6999999999998,11481.5,8332.55,9430.0,13106.0,14693.2,17.0,8.350000000000001,15.0,21.75,27.64999999999999,3.0,0.4500000000000002,2.0,4.75,7.0,117.5,86.7,102.75,142.25,165.95,18267.0,15309.2,17144.25,19467.5,21105.649999999994
131,2020-07-21,4624.0,3669.3,4178.5,5073.75,5614.699999999999,502.5,278.20000000000005,385.25,668.5,794.4499999999998,11545.5,8357.3,9476.75,13150.0,14744.25,18.0,8.45,15.0,21.75,28.549999999999997,3.0,0.0,2.0,5.0,7.549999999999997,118.5,86.7,103.0,142.25,166.39999999999998,18388.5,15371.8,17221.25,19557.0,21184.499999999996
132,2020-07-22,4639.5,3676.75,4199.75,5112.5,5651.15,513.5,281.6,387.5,661.0,790.0999999999997,11603.5,8387.4,9523.0,13190.25,14806.5,18.0,8.9,15.0,22.75,30.0,3.0,0.4500000000000002,2.0,5.0,7.549999999999997,118.5,87.25,103.0,143.0,167.29999999999998,18517.5,15424.8,17286.5,19624.75,21243.6
133,2020-07-23,4648.5,3702.4,4213.5,5146.5,5710.099999999999,508.5,280.25,400.0,664.5,793.6499999999997,11657.0,8418.050000000001,9564.25,13228.5,14857.75,18.5,11.0,14.25,23.75,30.64999999999999,3.5,1.0,2.0,5.0,7.549999999999997,119.0,87.25,103.0,143.0,167.29999999999998,18597.5,15486.8,17354.75,19706.25,21310.599999999995
134,2020-07-24,4672.5,3712.65,4222.5,5157.0,5754.949999999999,514.5,285.9,422.0,668.5,809.8499999999997,11713.0,8445.300000000001,9615.5,13277.5,14912.949999999999,20.0,11.0,14.0,25.0,31.099999999999994,4.0,1.0,2.0,6.0,7.549999999999997,119.0,87.8,103.0,143.25,167.75,18658.0,15543.45,17408.0,19781.5,21368.949999999997
135,2020-07-25,4674.0,3728.6499999999996,4245.0,5169.5,5801.9,510.0,290.95000000000005,407.5,666.25,815.8499999999997,11762.5,8480.4,9656.75,13331.25,14966.399999999998,21.5,10.45,15.25,25.0,32.0,4.0,1.0,2.0,6.0,8.0,119.0,88.35,103.0,143.25,168.29999999999998,18734.0,15610.3,17469.75,19865.5,21451.449999999997
136,2020-07-26,4685.5,3742.05,4262.25,5192.25,5834.25,530.0,291.6,401.75,681.75,825.0499999999997,11806.0,8514.55,9691.25,13375.75,15029.25,22.0,11.45,15.25,27.0,33.19999999999999,4.0,1.4500000000000002,2.25,6.0,8.0,119.5,88.9,103.25,143.75,169.84999999999997,18783.5,15675.1,17528.0,19941.25,21533.349999999995
137,2020-07-27,4702.0,3755.4,4260.25,5198.25,5874.299999999999,530.5,298.0,410.0,693.25,851.6999999999996,11847.0,8540.75,9719.25,13426.5,15091.4,22.5,10.45,15.0,27.75,31.64999999999999,4.0,1.4500000000000002,3.0,6.0,7.0,120.0,88.9,104.0,143.75,170.29999999999998,18836.5,15737.55,17587.25,20025.5,21619.599999999995
138,2020-07-28,4713.5,3768.15,4280.25,5218.5,5897.199999999999,537.0,320.4,423.0,699.5,855.9499999999996,11890.5,8568.25,9752.5,13475.5,15152.95,22.0,11.0,14.25,28.75,31.549999999999997,4.0,1.4500000000000002,3.0,6.75,7.0,120.0,88.9,104.0,146.25,170.84999999999997,18887.5,15777.8,17648.25,20118.0,21704.999999999996
139,2020-07-29,4742.0,3782.95,4294.0,5235.75,5911.449999999999,539.0,326.25,424.25,706.75,865.4499999999996,11930.0,8599.35,9783.5,13527.5,15230.3,22.0,12.0,15.75,29.0,34.099999999999994,4.5,2.0,2.25,6.75,7.0,120.0,89.44999999999999,105.25,146.25,171.39999999999998,18943.5,15814.849999999999,17718.0,20209.75,21781.049999999996
140,2020-07-30,4748.5,3803.2,4299.75,5256.75,5935.9,512.0,327.25,426.0,707.0,864.4499999999996,11967.0,8626.45,9821.25,13578.25,15293.55,23.0,11.45,16.0,28.0,36.19999999999999,4.5,2.0,2.25,6.0,7.549999999999997,121.0,91.35,106.0,147.25,173.39999999999998,18998.0,15858.85,17774.0,20294.25,21864.899999999994
141,2020-07-31,4766.0,3823.0,4291.75,5266.0,5971.199999999999,509.0,328.35,419.5,690.0,872.1499999999996,12010.5,8650.35,9864.25,13620.75,15364.3,22.5,12.0,17.25,28.0,35.55,4.5,1.4500000000000002,3.0,7.0,8.0,121.0,91.35,108.25,147.5,175.95,19050.5,15894.75,17846.25,20373.5,21954.6
142,2020-08-01,4804.0,3849.8500000000004,4294.75,5275.5,5997.5999999999985,503.0,299.3,414.75,687.25,874.2499999999998,12052.5,8675.150000000001,9901.25,13672.25,15444.599999999999,21.5,10.45,16.0,30.0,35.099999999999994,5.0,1.0,3.0,6.0,8.549999999999997,121.5,92.35,108.25,149.75,175.95,19115.5,15943.6,17924.25,20477.0,22047.349999999995
143,2020-08-02,4806.5,3856.4,4299.75,5305.5,6034.799999999999,492.5,305.54999999999995,400.5,677.5,891.1999999999997,12079.0,8701.4,9936.75,13719.0,15492.749999999998,22.5,12.0,17.0,29.0,34.0,5.0,1.4500000000000002,3.0,6.75,8.549999999999997,122.0,92.35,108.25,149.75,175.95,19195.0,15982.3,18022.5,20543.5,22136.199999999997
144,2020-08-03,4807.0,3871.8,4299.75,5307.75,6067.4,490.0,317.54999999999995,405.0,692.75,881.6999999999997,12154.5,8729.55,9966.75,13770.5,15555.0,23.0,13.0,18.0,30.0,35.55,5.0,1.4500000000000002,3.0,6.75,8.549999999999997,122.5,92.9,108.5,149.75,176.49999999999997,19253.5,16026.65,18131.5,20620.75,22218.249999999996
145,2020-08-04,4835.5,3889.25,4330.0,5328.0,6114.199999999999,485.5,327.45,400.0,684.5,890.8499999999997,12212.5,8754.55,10001.25,13824.75,15611.55,25.0,11.9,17.25,30.75,35.0,5.0,1.4500000000000002,3.0,6.0,9.0,123.0,92.9,109.5,151.25,177.04999999999995,19306.5,16071.55,18247.5,20696.25,22303.799999999996
146,2020-08-05,4861.5,3925.7000000000003,4346.25,5350.75,6129.8499999999985,496.0,324.5,390.0,680.75,899.05,12252.5,8782.800000000001,10035.75,13871.75,15676.0,24.0,13.0,18.0,31.75,37.749999999999986,5.0,1.4500000000000002,3.0,6.0,9.0,123.0,92.9,109.5,151.5,177.04999999999995,19364.0,16113.0,18346.0,20752.0,22402.949999999997
147,2020-08-06,4874.5,3941.8500000000004,4349.25,5372.75,6159.699999999999,494.0,332.05,402.0,701.25,914.9499999999997,12292.5,8809.85,10071.0,13926.75,15746.75,22.5,13.0,18.25,31.75,37.099999999999994,5.0,1.4500000000000002,3.0,6.0,9.549999999999997,124.0,92.9,110.5,152.25,178.14999999999998,19431.5,16151.35,18456.75,20856.5,22488.899999999994
148,2020-08-07,4895.5,3961.65,4352.75,5389.75,6180.699999999999,511.0,336.9,403.25,712.0,927.6999999999999,12323.0,8833.0,10105.0,13985.75,15803.949999999999,23.0,13.0,18.25,30.0,37.64999999999999,5.0,1.0,3.25,6.0,9.0,124.5,92.9,111.25,152.5,179.59999999999997,19499.5,16192.650000000001,18558.0,20990.5,22570.749999999996
149,2020-08-08,4906.0,3993.7000000000003,4387.0,5409.75,6192.449999999999,519.0,349.95000000000005,401.5,721.0,943.1999999999999,12360.0,8860.85,10137.5,14038.25,15869.149999999998,25.0,14.45,19.25,32.5,37.0,5.0,1.0,3.25,6.0,8.549999999999997,124.5,92.9,111.5,153.5,180.04999999999995,19557.0,16241.75,18662.75,21129.5,22663.799999999996
150,2020-08-09,4895.0,4010.3500000000004,4408.25,5422.75,6207.299999999999,516.5,350.15,406.5,716.75,943.9999999999999,12398.0,8886.55,10169.75,14088.75,15936.5,24.0,13.9,17.25,31.75,40.099999999999994,5.0,1.0,3.25,6.0,9.0,125.0,93.35,113.0,155.75,180.04999999999995,19621.5,16280.85,18776.25,21264.0,22751.449999999997
151,2020-08-10,4917.0,4013.5,4413.5,5433.0,6240.899999999999,528.0,351.35,408.75,719.0,935.9499999999999,12434.0,8917.25,10207.75,14140.0,15999.5,25.0,13.45,17.5,31.0,41.55,5.0,1.0,3.25,7.0,9.0,126.0,93.35,113.25,156.0,180.04999999999995,19682.5,16328.4,18849.5,21408.75,22836.85
152,2020-08-11,4928.0,4041.0499999999997,4435.5,5472.5,6267.099999999999,544.0,374.5,428.5,720.0,941.3999999999999,12472.5,8945.75,10247.75,14197.0,16062.45,24.0,13.45,19.0,31.0,41.55,5.0,2.0,3.25,6.0,8.549999999999997,126.0,93.35,114.25,156.25,180.04999999999995,19749.5,16371.900000000001,18935.5,21522.75,22926.699999999997
153,2020-08-12,4944.5,4066.55,4444.5,5509.5,6285.549999999999,552.0,382.79999999999995,429.0,731.0,938.8999999999999,12513.0,8974.45,10288.75,14256.5,16128.6,25.5,12.45,18.25,30.0,43.0,5.0,1.4500000000000002,3.25,7.0,9.0,126.5,93.35,114.5,156.25,181.04999999999995,19815.5,16416.05,19007.75,21634.75,23013.1
154,2020-08-13,4965.0,4082.5,4458.75,5542.25,6311.4,569.5,382.0,442.75,749.75,955.45,12549.5,9002.2,10326.75,14311.25,16195.649999999998,26.0,12.9,18.5,30.75,44.55,5.0,2.0,3.0,7.0,9.0,127.5,93.9,114.75,156.25,181.95,19880.5,16463.35,19076.25,21735.75,23107.35
155,2020-08-14,4983.0,4101.65,4463.5,5578.5,6331.249999999999,576.0,399.25,459.5,751.25,978.2499999999999,12587.5,9038.900000000001,10364.75,14364.5,16273.25,26.5,13.45,20.25,33.5,42.55,5.5,2.0,3.25,7.75,9.0,129.0,93.9,115.5,157.25,181.95,19941.5,16519.8,19157.0,21839.5,23195.799999999996
156,2020-08-15,4992.0,4109.3,4485.5,5610.75,6350.5999999999985,584.0,403.75,480.0,756.25,975.15,12632.5,9072.45,10398.75,14429.0,16345.649999999998,26.5,14.45,19.25,32.0,41.0,5.5,2.0,4.0,7.0,8.0,129.0,94.35,115.75,158.75,184.04999999999995,20010.5,16576.15,19235.5,21926.0,23299.299999999996
157,2020-08-16,5010.5,4134.35,4511.5,5635.5,6374.8499999999985,597.0,416.35,497.5,764.75,985.85,12667.0,9110.2,10436.25,14491.25,16417.55,26.0,15.45,19.25,33.75,43.55,5.5,1.4500000000000002,3.25,7.75,8.0,129.0,95.25,117.0,160.75,184.59999999999997,20092.0,16643.15,19315.75,22024.25,23383.899999999998
158,2020-08-17,5044.5,4165.5,4544.5,5661.75,6385.149999999999,628.0,431.70000000000005,516.5,782.5,1002.6999999999999,12710.0,9143.55,10480.5,14559.5,16478.899999999998,25.0,14.9,20.0,33.0,43.55,5.0,2.0,4.0,7.0,8.0,129.0,95.7,118.0,161.0,186.14999999999998,20180.0,16718.0,19393.5,22109.5,23469.549999999996
159,2020-08-18,5062.0,4161.15,4573.25,5707.0,6395.199999999999,633.5,430.3,511.0,782.0,1007.5,12759.0,9186.9,10519.0,14633.25,16546.699999999997,24.0,14.9,20.0,33.0,42.55,5.0,2.0,4.0,7.0,8.549999999999997,129.5,95.7,119.5,162.0,186.69999999999996,20270.0,16801.75,19481.5,22200.0,23560.499999999996
160,2020-08-19,5090.5,4162.6,4593.0,5734.25,6423.649999999999,643.5,444.25,523.25,817.5,1015.9499999999999,12800.5,9225.0,10565.0,14708.75,16622.1,24.0,14.45,20.5,34.5,42.099999999999994,6.0,2.0,4.0,7.0,8.0,129.5,95.7,120.25,162.25,187.69999999999996,20366.0,16872.7,19565.0,22267.5,23685.549999999996
161,2020-08-20,5125.0,4175.45,4626.5,5776.25,6459.0999999999985,677.5,438.15,532.25,816.5,1030.85,12844.0,9274.45,10612.75,14781.5,16706.85,24.0,14.45,20.25,37.75,44.749999999999986,6.0,2.0,3.25,7.0,8.549999999999997,131.0,97.15,120.5,162.25,187.69999999999996,20456.0,16950.4,19643.5,22357.25,23807.949999999997
162,2020-08-21,5156.5,4192.35,4636.0,5799.25,6503.9,705.5,431.95,534.25,815.0,1031.3499999999997,12893.0,9322.6,10662.0,14853.5,16787.95,24.5,15.45,21.0,39.0,46.29999999999998,6.0,2.0,3.25,7.0,9.0,131.0,97.15,121.25,163.25,189.59999999999997,20548.0,17034.3,19737.25,22441.75,23947.35
163,2020-08-22,5189.0,4213.15,4651.25,5823.5,6522.299999999999,706.5,428.8,551.0,813.25,1041.1499999999996,12936.5,9365.0,10704.0,14929.75,16868.699999999997,27.0,16.0,21.0,36.5,47.099999999999994,6.0,2.0,4.0,7.0,10.0,132.0,97.7,122.0,163.25,191.24999999999994,20650.0,17113.2,19819.25,22545.0,24076.199999999997
164,2020-08-23,5216.0,4230.85,4667.0,5842.0,6571.899999999999,687.0,427.8,551.0,816.0,1042.6499999999996,12977.5,9411.85,10771.25,15001.5,16954.1,28.0,16.0,22.0,38.25,47.64999999999999,6.0,2.0,4.25,7.0,11.0,132.5,97.7,122.25,164.0,192.14999999999998,20791.5,17205.050000000003,19912.5,22648.0,24214.049999999996
165,2020-08-24,5228.0,4241.45,4672.25,5877.0,6607.9,692.0,432.75,547.5,811.25,1041.7999999999997,13032.0,9450.95,10841.25,15081.0,17037.95,27.5,14.9,21.25,37.75,46.099999999999994,6.0,2.0,5.0,7.0,10.549999999999997,134.0,98.8,123.0,164.0,193.49999999999997,20927.0,17291.5,19993.25,22734.0,24356.899999999998
166,2020-08-25,5252.0,4248.85,4670.25,5900.75,6632.0999999999985,713.5,445.6,557.75,824.5,1049.4499999999998,13094.0,9499.150000000001,10909.0,15145.0,17118.1,28.0,14.45,21.25,38.75,48.19999999999999,6.0,2.45,4.25,7.0,10.549999999999997,134.5,99.35,123.5,165.0,195.04999999999995,21060.5,17379.85,20078.75,22845.5,24502.799999999996
167,2020-08-26,5281.5,4256.5,4692.0,5931.75,6676.199999999999,718.0,451.85,554.25,817.25,1058.35,13169.0,9548.8,10980.75,15223.75,17202.8,30.0,15.45,22.0,39.0,47.099999999999994,6.0,2.45,4.25,8.0,10.549999999999997,134.5,99.35,124.25,166.75,196.04999999999995,21186.5,17482.55,20163.0,22972.5,24640.949999999997
168,2020-08-27,5326.5,4286.75,4707.5,5959.25,6726.449999999999,722.0,444.15,574.75,847.75,1077.6999999999998,13222.0,9599.349999999999,11060.0,15290.5,17293.95,31.5,15.350000000000001,22.25,36.75,47.099999999999994,6.0,2.45,5.0,8.0,10.099999999999994,136.0,99.35,124.25,166.75,197.69999999999996,21319.0,17562.300000000003,20245.25,23083.75,24782.699999999997
169,2020-08-28,5371.0,4313.45,4747.25,5997.75,6759.449999999999,716.0,457.35,576.5,858.75,1100.8499999999997,13291.0,9642.95,11119.0,15359.0,17377.75,32.0,14.8,22.0,39.25,49.749999999999986,6.0,2.45,5.0,7.75,10.099999999999994,136.0,99.80000000000001,125.25,169.75,198.79999999999995,21455.0,17640.85,20336.25,23191.25,24926.25
170,2020-08-29,5399.0,4359.2,4796.0,6041.25,6796.749999999999,742.5,465.1,571.75,870.0,1124.3999999999996,13360.0,9692.45,11187.75,15432.0,17462.449999999997,32.0,19.0,23.5,39.75,51.19999999999999,6.0,2.45,5.0,8.0,10.099999999999994,137.5,100.35,126.0,170.0,199.79999999999995,21578.5,17726.949999999997,20425.25,23313.0,25087.4
171,2020-08-30,5436.0,4408.8,4830.5,6052.75,6831.199999999999,774.5,467.15,586.5,897.5,1154.0499999999997,13434.5,9739.35,11252.25,15509.25,17551.199999999997,32.5,20.0,25.5,41.0,50.55,6.0,2.9000000000000004,4.25,8.0,10.0,138.0,100.35,127.0,171.5,200.24999999999994,21689.5,17814.5,20526.5,23435.5,25239.4
172,2020-08-31,5486.5,4448.4,4867.25,6078.25,6888.849999999999,799.0,463.2,615.0,917.25,1180.7499999999998,13500.0,9783.85,11326.75,15599.0,17648.75,31.5,20.0,26.0,41.75,49.099999999999994,6.0,3.45,5.0,7.75,11.099999999999994,138.5,100.35,127.25,171.5,201.69999999999996,21801.0,17903.1,20619.0,23531.5,25384.0
173,2020-09-01,5538.0,4502.9,4935.75,6111.0,6938.999999999999,811.0,483.40000000000003,629.75,950.0,1213.9,13571.5,9835.3,11390.75,15687.75,17741.8,34.0,20.45,26.25,41.75,51.099999999999994,6.0,3.45,5.0,7.0,11.099999999999994,140.0,101.35,127.25,171.75,202.14999999999998,21903.5,17997.45,20708.25,23641.0,25532.15
174,2020-09-02,5623.0,4601.049999999999,5041.5,6150.25,7018.299999999999,832.5,495.79999999999995,644.75,982.5,1235.65,13644.0,9882.6,11462.0,15773.0,17839.6,35.5,19.35,24.5,40.0,51.29999999999998,6.0,3.45,5.0,7.75,11.099999999999994,140.5,101.80000000000001,128.25,172.75,204.14999999999998,22020.5,18064.75,20813.25,23746.75,25697.0
175,2020-09-03,5684.0,4671.3,5115.0,6200.5,7126.0999999999985,860.0,510.85,665.5,1016.75,1251.6,13721.5,9934.05,11539.0,15838.25,17938.399999999998,34.5,19.8,25.0,39.75,52.749999999999986,6.0,3.45,5.0,8.0,10.549999999999997,142.0,103.45,129.25,176.25,204.14999999999998,22144.5,18160.05,20904.0,23842.75,25839.9
176,2020-09-04,5772.0,4753.75,5196.75,6282.0,7251.5999999999985,916.5,503.7,679.25,1058.0,1306.1999999999998,13804.5,9990.75,11617.25,15904.0,18045.1,35.5,19.35,27.0,40.0,52.29999999999998,6.0,3.45,5.0,8.0,10.549999999999997,142.5,103.45,130.0,177.5,204.69999999999996,22298.0,18245.95,20994.25,23949.25,26015.5
177,2020-09-05,5877.0,4820.3,5270.0,6387.0,7349.499999999998,938.5,549.9,725.0,1113.0,1362.5499999999997,13894.5,10049.25,11693.25,15967.75,18151.649999999998,37.0,17.8,24.5,41.0,55.69999999999996,6.0,4.0,5.0,8.0,11.0,143.0,104.0,130.5,178.25,205.69999999999996,22456.0,18344.5,21105.5,24075.75,26202.25
178,2020-09-06,5974.5,4908.75,5369.0,6510.75,7503.0999999999985,985.5,592.0,776.25,1219.75,1433.1,13984.0,10106.05,11781.25,16049.5,18257.05,37.0,17.35,26.5,40.0,55.24999999999996,7.0,3.45,5.0,8.0,11.099999999999994,143.0,104.45,130.5,179.75,207.34999999999997,22620.0,18442.45,21201.5,24192.5,26366.449999999997
179,2020-09-07,6100.5,5031.700000000001,5481.75,6677.75,7629.249999999999,1065.0,629.3,820.75,1315.75,1523.4499999999996,14077.5,10175.05,11873.0,16127.75,18377.2,36.0,18.0,27.0,42.75,55.14999999999996,6.5,3.45,5.0,8.0,11.549999999999997,144.0,104.45,130.5,182.0,208.79999999999995,22816.0,18542.949999999997,21312.5,24313.5,26551.199999999997
180,2020-09-08,6235.5,5167.7,5584.25,6880.75,7787.449999999999,1126.0,655.7,875.0,1403.0,1612.9999999999995,14206.0,10238.3,11975.25,16201.5,18492.199999999997,37.0,18.0,27.25,44.5,55.49999999999997,6.5,3.45,5.25,8.0,12.0,144.5,104.9,131.25,182.25,209.79999999999995,23006.5,18658.35,21410.75,24435.0,26752.4
181,2020-09-09,6417.5,5289.9,5703.75,7118.0,8007.549999999999,1194.0,688.1500000000001,923.75,1477.75,1739.5499999999995,14345.0,10308.35,12072.25,16327.75,18620.5,35.5,17.450000000000003,27.25,45.75,55.949999999999974,6.0,3.0,5.0,9.5,13.549999999999997,145.5,106.0,131.25,183.25,209.79999999999995,23188.5,18763.199999999997,21527.5,24570.75,26974.949999999997
182,2020-09-10,6612.5,5439.700000000001,5846.0,7364.5,8182.449999999999,1255.5,751.8,984.5,1570.25,1848.8499999999992,14484.5,10389.599999999999,12192.5,16494.5,18749.3,36.0,18.0,28.25,45.75,60.0,6.5,4.0,5.0,9.5,13.549999999999997,146.5,106.45,131.5,184.25,210.24999999999994,23371.0,18891.15,21643.75,24721.0,27214.4
183,2020-09-11,6799.5,5607.9,5984.25,7598.0,8444.399999999998,1342.0,840.0,1056.25,1685.5,1974.099999999999,14619.5,10472.3,12312.25,16663.5,18891.0,36.5,18.9,29.0,48.5,58.29999999999998,7.0,4.0,5.0,9.5,13.099999999999994,146.5,106.45,132.0,185.75,211.69999999999996,23556.0,19030.15,21759.0,24883.0,27476.199999999997
184,2020-09-12,6970.5,5767.85,6144.25,7819.5,8750.3,1442.0,882.3,1122.5,1805.75,2134.799999999999,14785.0,10569.05,12426.0,16808.0,19029.1,39.0,22.0,31.0,46.5,61.099999999999994,7.0,4.0,5.0,10.0,13.549999999999997,146.5,106.9,132.0,186.0,212.14999999999998,23748.0,19163.2,21876.75,25040.75,27741.649999999998
185,2020-09-13,7173.0,5955.7,6297.25,8002.75,9087.5,1552.5,947.2,1208.25,1908.5,2273.0999999999985,14960.5,10661.05,12563.0,16936.0,19187.449999999997,40.5,22.25,31.25,47.5,66.74999999999999,7.0,3.45,6.0,10.0,13.549999999999997,148.0,107.35,133.5,186.25,214.14999999999998,23943.0,19308.550000000003,22015.25,25226.25,28019.5
186,2020-09-14,7399.0,6146.3,6507.0,8254.75,9412.149999999998,1648.0,1022.7,1309.0,2019.0,2446.0999999999985,15144.5,10768.599999999999,12712.75,17088.75,19345.35,42.5,23.8,33.0,47.5,67.94999999999997,7.5,4.0,6.0,10.0,15.0,149.0,107.35,133.5,187.25,214.59999999999997,24109.0,19473.2,22205.25,25404.5,28300.149999999998
187,2020-09-15,7659.0,6342.2,6712.75,8522.25,9818.75,1754.0,1103.9,1385.5,2169.75,2600.199999999999,15354.5,10876.6,12867.25,17265.5,19515.649999999998,42.0,26.9,34.25,48.0,70.29999999999998,7.5,4.0,6.0,9.75,16.0,150.0,107.80000000000001,134.5,188.25,216.14999999999998,24288.0,19644.75,22452.5,25597.25,28622.85
188,2020-09-16,7906.0,6545.75,6971.0,8794.5,10313.599999999999,1902.0,1198.5500000000002,1484.25,2316.0,2795.699999999999,15562.5,10994.3,13036.5,17430.0,19678.6,43.5,28.0,34.75,49.0,74.39999999999998,7.0,4.45,6.25,10.0,15.649999999999991,150.5,108.25,135.25,192.25,218.49999999999997,24491.0,19832.75,22715.25,25800.5,28964.899999999994
189,2020-09-17,8196.0,6755.6,7204.0,9078.5,10825.15,2041.0,1293.1999999999998,1589.5,2417.75,2973.799999999999,15785.5,11127.1,13222.75,17617.0,19868.4,44.5,30.0,37.0,52.5,79.55,8.5,4.45,7.0,10.0,17.0,151.0,108.25,135.25,192.25,219.95,24728.5,20037.35,22956.0,26033.25,29307.699999999997
190,2020-09-18,8521.5,6989.85,7485.75,9412.75,11385.599999999999,2157.0,1389.0,1721.75,2583.0,3199.7999999999984,16034.5,11269.4,13425.25,17811.5,20068.949999999997,46.0,29.450000000000003,37.0,54.75,80.55,8.5,4.0,7.0,10.0,18.549999999999997,151.0,108.25,136.75,192.25,221.49999999999997,24958.5,20242.05,23181.5,26406.25,29698.799999999996
191,2020-09-19,8834.0,7244.9,7758.0,9820.5,11971.8,2286.0,1480.35,1809.25,2743.5,3451.3999999999987,16283.0,11423.85,13629.0,18031.75,20264.5,47.0,31.45,39.5,58.75,80.74999999999999,9.5,4.45,7.0,11.0,19.64999999999999,152.0,109.25,139.0,193.5,221.49999999999997,25227.0,20463.6,23388.5,26751.25,30099.6
192,2020-09-20,9168.5,7484.0,8070.0,10154.5,12662.05,2454.5,1548.65,1937.25,2920.0,3697.299999999999,16535.5,11583.85,13842.75,18264.75,20490.6,50.5,34.900000000000006,41.5,61.75,90.1,10.0,4.45,7.0,11.75,21.0,152.0,109.8,139.75,194.25,226.49999999999997,25515.5,20697.050000000003,23582.5,27008.75,30504.199999999997
193,2020-09-21,9556.0,7726.3,8422.25,10550.25,13370.099999999999,2646.5,1634.9,2084.75,3110.25,3904.949999999999,16768.0,11758.4,14075.75,18533.0,20713.699999999997,52.0,33.900000000000006,42.0,66.0,96.55,10.5,4.45,7.0,12.75,21.0,153.5,110.25,140.0,195.5,229.39999999999998,25815.0,20965.5,23786.0,27291.5,30957.699999999993
194,2020-09-22,9957.0,7999.0,8785.25,11017.75,14178.099999999997,2825.0,1731.0,2208.0,3279.5,4210.899999999999,16996.0,11937.4,14313.0,18830.0,20962.049999999996,56.0,39.349999999999994,47.0,69.75,96.55,9.5,5.45,8.0,13.0,22.099999999999994,154.0,110.25,141.5,196.5,229.85,26152.5,21271.949999999997,24030.75,27590.5,31464.099999999995
195,2020-09-23,10402.0,8306.650000000001,9109.25,11529.25,14992.599999999995,3036.5,1821.4,2364.0,3512.0,4535.4,17328.5,12136.35,14578.5,19112.25,21206.0,61.5,40.45,48.5,74.25,99.1,10.5,6.45,9.0,14.75,21.64999999999999,156.0,110.25,142.0,198.0,232.64999999999998,26500.5,21575.550000000003,24355.0,27931.25,32018.249999999993
196,2020-09-24,10848.0,8619.45,9443.0,12059.75,15914.249999999996,3271.5,1888.5,2529.0,3782.0,4839.449999999999,17685.0,12334.55,14873.0,19451.0,21467.949999999997,65.0,40.0,48.0,77.75,104.1,11.0,7.0,9.0,14.75,22.549999999999997,158.0,111.15,142.75,200.75,235.55,26893.0,21896.65,24703.0,28327.25,32638.849999999995
197,2020-09-25,11329.0,8934.05,9804.0,12614.25,16870.199999999993,3440.0,1957.55,2692.0,4043.25,5234.699999999999,18073.5,12560.099999999999,15178.0,19857.5,21730.25,69.5,44.0,50.5,87.25,109.64999999999999,13.0,6.9,9.25,16.75,22.19999999999999,159.0,112.25,144.5,202.0,242.3,27317.0,22235.449999999997,25070.25,28828.75,33275.149999999994
198,2020-09-26,11877.0,9265.5,10174.75,13302.5,17928.549999999996,3672.5,2036.1499999999999,2840.0,4309.75,5612.649999999999,18466.5,12776.05,15499.5,20300.75,22072.35,73.0,46.45,54.0,88.5,114.29999999999998,13.5,7.45,9.25,17.0,23.099999999999994,161.0,112.25,145.25,202.5,246.3,27779.5,22626.949999999997,25446.0,29334.5,33947.95
199,2020-09-27,12401.5,9628.0,10591.5,13986.75,19054.34999999999,3878.5,2140.3,3024.5,4605.0,6034.0999999999985,18734.0,12992.099999999999,15849.0,20797.75,22466.6,76.0,50.8,59.0,93.5,120.1,13.5,9.0,10.25,18.0,25.64999999999999,163.5,112.69999999999999,146.0,203.5,248.29999999999995,28241.5,23000.4,25827.5,29708.0,34671.899999999994
200,2020-09-28,12957.5,9999.75,11066.0,14743.5,20255.54999999999,4084.5,2249.6,3216.75,4926.25,6486.3499999999985,19016.0,13219.85,16232.0,21323.75,22896.399999999998,81.5,52.45,62.25,105.75,125.1,14.5,9.0,11.25,19.75,26.549999999999997,165.0,113.25,146.25,206.0,252.74999999999997,28753.5,23445.05,26204.0,30161.5,35447.84999999999
201,2020-09-29,13581.5,10380.9,11572.25,15566.0,21657.349999999988,4304.0,2380.1,3442.5,5264.25,7006.749999999999,19298.5,13477.55,16631.25,21768.5,23336.7,84.0,55.45,64.5,112.5,131.55,16.0,10.0,11.5,20.0,30.099999999999994,167.0,113.25,147.5,208.75,256.55,29326.5,23922.65,26589.5,30674.0,36282.24999999999
202,2020-09-30,14244.5,10772.3,12104.25,16568.25,23146.54999999999,4556.5,2520.0,3614.75,5634.25,7595.5999999999985,19602.5,13750.35,17047.5,22220.25,23853.65,88.0,59.45,69.25,118.5,140.55,17.5,11.0,12.0,22.75,33.29999999999998,168.5,114.7,150.5,210.75,258.54999999999995,29920.0,24425.85,27015.5,31163.0,37163.24999999999
203,2020-10-01,15002.0,11205.5,12685.5,17651.5,24809.249999999985,4805.0,2630.3,3783.0,6057.75,8256.75,19925.0,14030.25,17483.25,22758.75,24428.699999999997,96.0,66.9,74.25,124.75,156.95,18.5,11.0,14.0,23.0,34.749999999999986,171.5,115.25,151.25,214.0,261.65,30433.5,24933.6,27474.5,31699.5,38215.45
204,2020-10-02,15938.0,11763.85,13432.75,19079.25,26792.04999999998,5110.5,2769.3,4073.75,6464.5,8951.55,20261.5,14328.5,17940.25,23339.75,25077.85,99.5,69.35000000000001,77.5,127.5,164.1,19.5,11.0,15.0,23.0,35.84999999999998,173.5,118.44999999999999,153.75,218.0,265.0,31014.0,25514.550000000003,27901.25,32260.0,39376.95
205,2020-10-03,16883.5,12394.599999999999,14196.0,20587.25,29134.09999999998,5418.0,2929.95,4343.0,6930.75,9700.149999999998,20591.5,14666.849999999999,18412.75,23994.0,25795.799999999996,105.0,75.0,84.0,139.0,176.2,21.0,11.45,15.25,24.0,38.0,174.5,122.0,154.0,220.75,268.75,31745.0,26116.949999999997,28370.0,32885.0,40646.399999999994
206,2020-10-04,17939.5,12949.400000000001,14975.25,22293.0,31695.19999999998,5927.0,3092.7,4706.0,7567.0,10732.599999999999,20949.5,15007.15,18909.75,24829.25,26581.649999999998,111.5,79.45,89.5,148.0,193.29999999999998,20.5,12.45,16.0,27.75,39.099999999999994,176.0,124.44999999999999,156.75,224.0,273.95,32460.0,26738.8,28879.25,33578.75,42022.899999999994
207,2020-10-05,19047.0,13625.05,15945.75,24261.5,34506.699999999975,6401.0,3390.1499999999996,5277.25,8295.75,12018.05,21330.0,15331.85,19377.75,25652.5,27484.1,117.5,80.35,94.5,159.25,204.29999999999998,22.0,13.45,16.0,28.0,41.19999999999999,177.5,126.45,158.5,228.0,277.85,32999.5,27418.15,29406.0,34299.0,43450.45
208,2020-10-06,20409.5,14465.3,16996.5,26445.75,37810.59999999998,6968.5,3681.8,5772.5,9061.0,13345.8,21769.0,15688.649999999998,19821.5,26494.75,28448.049999999996,123.0,82.35,100.5,170.0,217.95,24.5,15.0,17.25,30.5,43.29999999999998,179.5,128.45,160.5,231.5,281.95,33567.5,28064.0,29959.25,35166.25,45003.3
209,2020-10-07,21913.0,15376.7,18274.75,28528.5,41583.64999999997,7553.0,3925.25,6277.0,9993.5,14839.399999999998,22220.5,16127.25,20291.5,27372.25,29700.5,131.5,88.80000000000001,105.0,178.25,232.95,25.5,16.0,19.0,32.0,47.099999999999994,182.0,130.45,160.5,234.75,287.15,34142.5,28725.6,30566.5,36122.75,46767.95
210,2020-10-08,23647.0,16388.25,19552.25,30801.75,45889.49999999996,8296.0,4213.9,6778.75,11073.5,16497.749999999996,22746.5,16598.3,20831.0,28226.75,31125.449999999997,139.5,95.35,113.5,198.25,264.75,27.5,18.0,20.75,35.0,51.749999999999986,183.0,133.0,162.0,237.5,288.69999999999993,34744.0,29384.05,31206.0,37146.25,48579.6
211,2020-10-09,25554.5,17474.9,20980.75,33487.5,50555.749999999956,9155.5,4603.450000000001,7333.75,12237.0,18526.049999999996,23303.0,17094.15,21399.25,29130.25,32734.299999999996,148.5,101.7,121.75,214.25,284.59999999999997,28.0,19.0,24.0,38.75,55.29999999999998,185.0,133.45,165.5,238.25,294.25,35438.5,30097.15,31892.25,38487.5,50335.45
212,2020-10-10,27798.0,18667.4,22516.25,36554.25,56025.749999999956,9995.5,5064.55,7946.0,13681.75,20724.049999999996,24028.5,17603.1,22029.75,30161.5,34545.1,157.5,110.44999999999999,134.5,229.25,305.5,30.0,19.9,24.25,42.0,59.49999999999997,190.0,135.0,165.75,241.5,304.6499999999999,36187.0,30859.1,32626.25,40041.25,52249.2
213,2020-10-11,30340.5,20191.0,24149.25,39943.5,62073.39999999995,11144.0,5547.6,8652.75,15290.5,23263.449999999997,24991.0,18151.3,22707.25,31299.75,36618.09999999999,169.5,117.80000000000001,147.25,241.5,323.84999999999997,34.0,22.450000000000003,26.0,45.75,64.94999999999997,192.5,140.9,168.0,246.25,311.19999999999993,37174.0,31632.300000000003,33599.25,41815.5,54288.8
214,2020-10-12,33129.0,21818.25,25885.0,43621.25,68984.44999999995,12600.0,6080.55,9383.0,17118.25,26128.699999999997,26096.5,18729.7,23455.25,32548.0,38910.54999999999,183.5,123.80000000000001,155.75,256.5,334.7,36.5,23.45,27.5,49.0,70.94999999999997,196.0,143.45,171.0,251.75,315.8499999999999,38395.5,32396.55,34659.5,43773.75,56574.0
215,2020-10-13,36212.0,23567.2,27780.75,47994.25,76735.99999999994,14241.5,6654.55,10272.0,19101.0,29335.299999999996,27258.0,19370.25,24244.0,33952.0,41499.09999999999,197.5,131.9,165.75,280.75,356.24999999999994,39.0,24.9,29.0,55.5,78.94999999999997,199.5,143.45,172.25,256.0,321.94999999999993,39758.5,33239.6,35733.5,45969.25,59105.1
216,2020-10-14,39613.5,25601.800000000003,29924.75,52841.5,85395.89999999994,16071.0,7379.9,11268.0,21301.25,32994.399999999994,28533.5,20058.699999999997,25357.5,35559.25,44350.79999999999,210.5,142.6,176.25,307.0,379.4,41.0,26.0,33.25,60.5,82.94999999999997,203.5,146.89999999999998,176.0,262.25,328.5999999999999,41452.0,34135.45,36893.75,48463.0,61906.2
217,2020-10-15,42728.0,27390.85,31795.75,57450.25,93431.09999999992,18162.0,8182.800000000001,12372.0,23771.5,37111.59999999999,29966.5,20838.85,26561.0,37369.75,47527.349999999984,234.5,153.05,191.75,338.0,418.65,43.0,28.0,36.75,64.5,87.64999999999999,207.0,151.35,178.25,274.0,334.3499999999999,42959.5,35132.45,38116.25,51284.25,65137.0
218,2020-10-16,46295.0,29350.4,33945.25,62923.5,102572.99999999991,20387.5,9068.65,13646.75,26585.25,41741.34999999999,31719.5,21686.8,27748.75,39407.0,51258.19999999998,251.5,161.7,204.25,387.25,456.1,48.0,33.45,37.75,70.0,97.0,210.5,156.45,180.25,280.75,338.4499999999999,44626.5,36211.399999999994,39723.5,54497.25,68645.09999999999
219,2020-10-17,49804.0,31363.7,36154.5,68319.0,111457.29999999992,22076.0,10093.2,14877.0,29122.25,46088.399999999994,33299.5,22607.95,29083.75,41733.5,55583.24999999998,277.0,169.05,220.5,423.0,514.4,53.5,34.45,40.5,74.0,105.64999999999999,215.5,162.45,183.5,287.5,344.89999999999986,46335.0,37404.0,41259.25,58160.25,72448.54999999999
220,2020-10-18,53640.5,33411.7,38666.5,74386.0,121036.24999999991,23942.5,10735.3,15860.0,31574.0,50053.499999999985,34892.0,23649.699999999997,30630.75,44194.5,60362.64999999998,306.5,183.35,239.5,458.5,570.0,57.5,36.0,43.0,82.75,114.74999999999999,220.0,165.14999999999998,190.0,297.75,359.64999999999986,48098.0,38711.45,42908.5,62291.25,76778.04999999999
221,2020-10-19,57969.0,35399.8,41237.75,80861.0,131313.2499999999,25779.5,11496.900000000001,16971.75,34154.5,53828.45,36290.5,24728.05,32365.75,47076.0,65422.14999999997,333.5,197.55,257.5,511.25,627.8499999999999,61.0,39.45,47.5,87.75,124.94999999999997,226.0,169.8,195.25,308.75,378.84999999999985,50561.0,40501.85,44706.25,66948.0,81854.9
222,2020-10-20,61763.5,37129.8,43524.25,86757.75,140758.7999999999,27547.0,12179.8,18022.75,36495.75,57616.34999999999,38158.0,25885.3,34142.25,50088.25,70979.04999999997,375.5,215.9,284.25,579.0,688.1,68.5,42.900000000000006,50.75,102.0,135.84999999999997,234.5,175.95,199.0,322.25,392.49999999999983,53364.0,42657.8,46764.5,72054.75,87617.8
223,2020-10-21,65467.0,38902.45,45781.0,92344.5,149783.59999999992,29484.0,12990.15,19290.75,39106.0,61808.95,39811.0,27157.6,35879.0,53367.25,76904.79999999997,402.5,239.60000000000002,312.75,638.0,771.25,74.5,44.45,54.25,114.5,148.69999999999996,242.5,180.15,204.75,332.0,404.9499999999998,56453.0,45056.55,49053.0,77293.5,94328.15
224,2020-10-22,69369.5,40652.899999999994,48086.0,97949.0,158868.2999999999,30833.0,13818.3,20287.25,40909.0,64552.59999999999,41891.5,28423.85,37773.25,56792.5,83192.14999999997,442.5,256.0,347.0,706.5,871.95,84.0,49.0,60.25,126.75,165.29999999999998,249.5,187.14999999999998,211.5,347.25,416.1999999999999,59860.0,47675.899999999994,51182.0,82904.25,102013.15
225,2020-10-23,73226.5,42390.75,50318.25,102834.75,168141.5999999999,31876.5,14227.7,20966.25,42414.25,66940.4,44465.0,29733.050000000003,39728.25,60335.0,89888.59999999998,491.0,277.4,369.5,779.25,958.55,91.5,53.45,65.0,145.25,185.14999999999998,260.0,193.15,216.5,356.5,436.7499999999999,63473.0,50535.0,53355.75,88902.0,110228.9
226,2020-10-24,77037.0,44030.399999999994,52492.75,107668.0,177218.6999999999,33073.0,14539.55,21560.75,43852.5,69310.69999999998,47355.0,31082.449999999997,41781.25,63969.5,96668.99999999997,527.0,304.35,407.5,860.0,1058.6499999999999,98.5,56.9,71.0,161.75,200.64999999999998,272.0,196.7,219.5,371.0,465.89999999999986,67312.0,53551.100000000006,55942.0,95380.0,119140.09999999999
227,2020-10-25,79740.0,45223.5,54025.75,110771.0,183533.5999999999,34043.0,14765.349999999999,22289.0,44986.0,71349.54999999999,50429.0,32436.0,43855.25,67786.5,103707.29999999997,577.0,327.5,430.0,936.5,1167.0,111.0,62.45,76.25,178.0,220.55,279.0,202.4,229.5,382.25,489.4999999999999,71504.0,56244.05,58772.75,102127.5,128659.45
228,2020-10-26,82415.5,46233.85,55436.25,113660.5,189553.3499999999,34994.0,14871.0,22685.25,44403.75,73267.49999999999,53623.5,33798.5,46025.25,71605.75,110663.34999999998,626.5,349.25,457.75,1008.0,1294.6499999999999,115.0,66.8,82.75,190.25,241.55,294.5,209.95,237.75,400.25,515.5999999999999,75827.0,58676.95,61880.75,109060.0,138594.5
229,2020-10-27,84581.0,47041.65,56624.25,115987.5,194264.8499999999,34838.0,14830.5,22548.75,43646.5,72457.79999999997,56847.5,35189.100000000006,48131.25,75464.75,117717.29999999997,663.5,370.85,489.0,1076.75,1417.7999999999997,124.5,71.45,87.5,201.25,264.2,308.5,216.60000000000002,246.5,418.75,543.1499999999999,80448.5,61056.75,65112.0,116312.5,148920.0
230,2020-10-28,86172.0,47538.3,57771.25,117582.75,197688.6499999999,34427.0,14385.650000000001,22012.75,42135.25,71673.14999999998,60142.0,36578.45,50235.0,79359.75,124840.89999999998,704.5,394.70000000000005,514.0,1156.75,1556.2499999999995,133.0,76.25,94.0,219.0,280.0,324.5,227.15,256.75,439.0,578.05,85173.5,63492.85,68602.0,123633.0,159659.95
231,2020-10-29,87551.5,47862.95,58751.75,118536.75,200348.1999999999,33341.5,13868.75,21814.5,40352.5,69927.49999999997,63473.0,37920.15,52311.5,83216.75,131785.8,751.0,422.15,561.0,1243.0,1691.8499999999995,143.0,80.9,101.0,229.25,305.4,345.5,240.0,273.0,465.5,607.9,90020.5,65896.5,72125.75,130993.75,170423.0
232,2020-10-30,88464.0,48013.9,59618.5,118978.5,202107.74999999988,31817.0,13027.7,20829.0,38842.0,66993.99999999997,66767.5,39178.5,54514.0,86948.25,138413.99999999997,802.5,448.20000000000005,589.5,1329.5,1817.5499999999997,152.0,86.7,110.25,247.0,325.65,364.5,247.45000000000002,285.25,493.25,642.5,95039.5,68389.2,75543.0,138225.0,181501.0
233,2020-10-31,89042.5,47964.05,60321.25,119045.0,202897.9499999999,30126.5,12216.5,19880.25,37087.0,63787.649999999965,69566.5,40395.7,56533.75,90503.75,144696.09999999998,850.0,475.5,628.25,1393.0,1923.3999999999994,162.0,95.45,115.5,259.75,351.75,389.0,259.15,299.75,524.75,684.65,100031.0,70881.2,78837.75,145203.25,192560.5
234,2020-11-01,89229.5,47994.25,60797.25,118427.0,202655.8999999999,28259.0,11575.400000000001,18262.25,35447.75,60391.49999999997,72073.0,41531.25,58325.0,93866.25,150651.64999999997,900.5,495.20000000000005,665.5,1446.75,2042.099999999999,177.0,101.45,126.25,267.0,374.15,404.0,269.5,311.0,561.0,727.8499999999999,105083.0,73286.95000000001,82088.25,151634.5,203471.19999999998
235,2020-11-02,89050.0,47796.45,60983.0,118172.25,201375.54999999993,26411.0,10879.5,16751.5,33848.25,56704.649999999965,74484.0,42580.45,60125.75,96686.0,156160.69999999998,957.0,513.05,692.0,1492.25,2145.2999999999993,182.0,103.7,131.5,280.5,394.65,423.5,281.35,325.25,600.5,771.1499999999999,109838.5,75638.45000000001,85535.25,157707.75,214110.29999999996
236,2020-11-03,88526.0,47288.15,60979.25,117416.5,199070.54999999993,24721.5,10259.5,15127.25,32114.0,53122.59999999996,76672.0,43599.350000000006,61747.75,99657.75,161277.5,995.5,542.5,733.0,1535.75,2232.4499999999994,188.5,106.35,137.5,291.25,413.1999999999999,440.0,294.35,339.25,624.5,822.7999999999997,114263.5,77601.05,89129.5,163549.5,224484.69999999995
237,2020-11-04,87565.5,46589.850000000006,60722.5,116230.0,196060.94999999995,23082.5,9540.9,13998.25,30462.75,49672.79999999997,78592.0,44512.7,63086.25,102479.0,166002.15,1022.0,558.3,753.5,1595.5,2322.349999999999,199.0,111.45,143.25,293.5,422.9999999999999,463.5,308.45000000000005,347.5,666.0,881.9999999999998,118254.0,79443.05,92567.5,168933.0,234226.29999999993
238,2020-11-05,86057.5,45718.9,60231.5,114650.0,192347.54999999993,21653.0,8875.9,13073.5,28833.0,46187.649999999965,80239.5,45362.7,64355.75,104994.25,170408.7,1068.5,568.1,770.25,1622.5,2419.499999999999,201.0,114.8,144.5,299.75,438.79999999999984,491.5,321.7,359.0,708.0,938.0499999999996,121990.0,81146.85,95787.75,173866.5,243465.89999999994
239,2020-11-06,83930.5,44721.75,59596.25,112542.25,187821.69999999995,19921.5,8206.75,12195.0,26557.25,42856.09999999996,81791.0,46163.9,65528.5,107303.25,174465.7,1098.0,565.25,770.5,1637.0,2478.6499999999987,202.0,111.8,151.5,303.25,462.94999999999976,522.5,338.0,379.5,751.25,989.7999999999996,125519.0,82753.1,98829.25,178524.75,252216.44999999992
240,2020-11-07,81534.5,43674.45,58752.75,109226.0,182833.24999999994,18237.5,7626.7,11419.75,24726.0,39587.149999999965,83650.5,46875.25,66622.0,109735.25,178157.15000000002,1108.5,567.45,791.0,1638.25,2521.199999999999,210.5,112.05,154.25,309.75,484.44999999999976,554.0,349.8,401.0,784.5,1055.3999999999996,128842.5,84211.0,101465.25,183256.25,260429.24999999988
241,2020-11-08,79085.5,42460.65,57835.0,105588.25,177380.09999999998,16869.0,7057.5,10668.75,23168.5,36517.04999999997,85398.5,47521.15,67616.0,112030.75,181569.1,1114.5,579.5,806.75,1632.0,2543.599999999999,213.0,111.8,159.75,310.0,488.14999999999975,585.5,368.0,416.25,830.75,1132.1999999999996,131974.0,85527.75,103856.0,187652.0,268097.2999999999
242,2020-11-09,76442.0,41077.2,56530.0,101837.0,171437.49999999997,15497.5,6475.15,9842.0,21745.25,33722.649999999965,87056.5,48099.55,68536.75,114149.75,184713.09999999998,1116.0,586.45,803.75,1625.75,2567.749999999999,221.5,114.45,163.25,315.75,497.0999999999997,622.0,378.0,436.25,869.5,1202.9999999999995,134837.0,86799.85,106047.75,191569.75,275120.5499999999
243,2020-11-10,72983.5,39725.3,54865.5,97914.5,165196.59999999998,14168.5,5937.4,9056.25,20247.5,31155.299999999974,88594.5,48636.399999999994,69371.0,116151.75,187548.59999999998,1111.0,589.4,804.25,1600.75,2587.549999999999,224.5,118.35,161.75,313.25,505.0999999999997,645.0,391.25,455.75,907.0,1281.8999999999996,137486.5,87936.9,108023.5,194748.0,281990.94999999984
244,2020-11-11,69198.0,38330.6,53066.0,93923.75,158800.09999999998,12927.0,5477.3,8390.25,18836.25,28985.249999999975,90013.0,49124.3,70146.0,118014.75,190180.84999999998,1108.5,577.9000000000001,790.75,1594.5,2563.099999999999,227.5,121.9,164.0,316.75,500.7999999999997,671.0,404.15,474.25,952.5,1361.9499999999994,139931.5,88985.0,109683.25,197769.75,288988.89999999985
245,2020-11-12,66481.5,36901.95,51267.25,90947.75,152058.59999999998,11925.0,4898.2,7731.0,17603.25,26971.049999999977,91296.0,49579.3,70856.5,119811.75,192600.59999999998,1099.0,559.8,777.75,1573.5,2541.499999999999,228.5,122.45,161.75,309.0,502.9999999999997,698.0,417.9,493.0,999.5,1434.9499999999994,142193.0,89907.9,111186.5,200465.75,295470.0499999998
246,2020-11-13,64577.5,35394.100000000006,49414.75,87794.75,145393.85,11034.5,4405.3,7144.0,16460.5,24886.14999999998,92538.5,49987.600000000006,71488.75,121352.75,194795.19999999998,1090.5,542.05,759.5,1567.25,2477.299999999999,228.5,123.9,160.5,310.5,499.3499999999997,724.5,429.45000000000005,514.0,1035.5,1516.2499999999995,144296.5,90732.3,112487.0,202994.75,301666.34999999986
247,2020-11-14,62643.0,33835.1,47470.75,84653.5,138726.0,10210.0,3935.9,6477.0,15447.25,23006.949999999983,93712.0,50361.7,72066.25,122681.25,196760.09999999998,1067.5,538.2,742.25,1528.0,2399.599999999999,227.0,124.25,157.75,307.0,486.2499999999998,751.5,439.15,529.25,1073.25,1602.7999999999995,146253.0,91548.20000000001,113669.25,205294.75,307369.89999999985
248,2020-11-15,60568.5,32183.9,45476.5,81532.0,132069.5,9467.5,3561.9,5918.0,14493.75,21434.549999999985,94803.0,50718.3,72788.75,123928.25,198569.09999999998,1049.5,513.5,724.25,1495.0,2298.0499999999993,224.0,120.44999999999999,152.0,307.75,478.4499999999997,771.0,452.9,551.75,1114.25,1678.7999999999993,148023.0,92277.4,114739.0,207322.25,312666.84999999986
249,2020-11-16,58520.5,30659.5,43475.0,78500.5,125481.15,8792.5,3231.05,5396.5,13504.5,19902.299999999985,95829.0,51049.75,73472.75,125171.5,200207.2,1015.0,496.0,709.5,1457.25,2233.0499999999993,218.5,118.15,150.0,304.0,467.39999999999975,794.5,462.45,566.0,1147.5,1750.7499999999993,149666.0,92901.45,115717.5,209191.75,317491.64999999985
250,2020-11-17,56429.0,29119.5,41538.75,75271.25,119118.65,8005.0,2954.4000000000005,4961.25,12619.75,18457.449999999986,96769.0,51340.95,74109.0,126265.0,201704.59999999998,986.0,474.9,696.75,1403.25,2139.6999999999994,216.0,115.69999999999999,143.75,291.5,451.4999999999998,821.5,473.9,586.0,1187.5,1818.749999999999,151241.5,93540.55,116599.75,210918.5,322040.84999999986
251,2020-11-18,54129.0,27595.25,39597.0,72244.5,112895.54999999999,7427.5,2664.05,4553.5,11750.0,17162.29999999999,97619.0,51605.05,74700.25,127301.75,203134.25,963.0,446.1,668.25,1348.0,2070.249999999999,210.5,110.6,139.25,281.0,437.59999999999974,843.0,486.70000000000005,607.75,1233.0,1895.9499999999994,152670.5,94394.55,117445.0,212562.25,326255.7999999998
252,2020-11-19,51720.5,26077.300000000003,37600.75,69074.25,106872.24999999999,6857.5,2405.4,4111.0,10906.0,15914.299999999988,98423.0,51847.0,75261.0,128228.0,204404.65,938.0,430.8,645.25,1302.5,2012.0499999999993,200.5,106.7,134.25,268.5,424.94999999999976,867.5,500.4,626.0,1265.25,1974.1999999999991,153897.0,95193.3,118235.75,214023.0,330157.0499999998
253,2020-11-20,49415.5,24677.15,35379.5,66034.5,101055.69999999998,6390.0,2163.0,3765.75,10145.5,14757.39999999999,99176.0,52069.0,75767.25,129099.0,205538.05,901.0,410.5,630.0,1263.5,1953.2499999999995,198.0,99.35,129.25,265.25,410.7499999999998,891.0,513.3,644.5,1291.5,2031.3999999999992,154891.0,95907.55,118956.5,215374.75,333758.1499999998
254,2020-11-21,47023.5,23333.65,33442.25,62635.25,95451.09999999998,5986.5,1944.9,3462.0,9294.0,13761.099999999991,99778.5,52274.350000000006,76279.25,129905.5,206566.14999999997,854.5,401.3,620.25,1211.5,1874.6999999999994,188.5,95.45,128.5,257.5,392.4999999999998,912.5,526.2,663.75,1326.25,2089.699999999999,155781.0,96593.1,119606.0,216647.25,337083.0999999998
255,2020-11-22,44812.0,22082.25,31618.5,59234.0,90057.14999999998,5559.0,1753.35,3206.75,8564.25,12771.099999999991,100288.5,52461.850000000006,76714.25,130662.25,207683.94999999998,820.0,380.7,606.25,1169.25,1790.9499999999998,183.0,88.45,126.25,246.0,370.04999999999984,933.5,536.0,677.75,1363.5,2153.199999999999,156596.5,97231.05,120248.5,217758.75,340194.8999999998
256,2020-11-23,42245.5,20856.9,29832.0,56157.75,84865.64999999998,5077.5,1574.7,2898.75,7908.75,11844.499999999993,100672.0,52632.05,77120.75,131395.25,208793.14999999997,786.5,372.6,566.5,1126.25,1711.3999999999996,180.5,87.0,119.25,239.25,354.24999999999983,954.5,546.75,690.75,1392.75,2219.999999999999,157357.0,97841.25,120844.5,218750.25,342225.69999999984
257,2020-11-24,39753.5,19684.550000000003,28055.5,52373.0,79936.59999999998,4755.5,1406.65,2674.25,7353.75,11052.599999999993,101009.0,52788.6,77513.5,132059.75,209800.75,759.0,354.3,543.5,1070.5,1642.5499999999997,171.5,85.45,117.0,233.5,342.04999999999984,971.0,555.2,710.75,1413.75,2278.949999999999,158063.0,98384.29999999999,121406.0,219715.25,344070.99999999977
258,2020-11-25,37478.0,18577.45,26412.75,49527.75,75222.79999999997,4435.5,1234.0,2474.25,6914.5,10307.349999999993,101334.0,52937.600000000006,77874.25,132676.0,210744.05,723.0,329.25,517.25,1023.75,1574.85,162.0,78.80000000000001,113.25,228.75,329.4499999999999,990.0,564.1,725.25,1441.25,2333.2499999999986,158717.5,98885.85,121893.5,220574.75,345730.19999999984
259,2020-11-26,35319.5,17543.45,24826.0,46930.5,70803.64999999998,4141.5,1090.9,2249.75,6561.5,9585.749999999993,101632.5,53070.45,78205.25,133249.25,211593.0,687.0,313.45000000000005,493.25,976.25,1499.0499999999997,154.5,74.9,111.25,218.0,319.04999999999995,1012.5,577.85,740.0,1463.0,2390.8999999999987,159312.0,99380.04999999999,122350.5,221372.25,347351.0499999998
260,2020-11-27,33294.5,16569.95,23245.5,44414.75,66445.79999999997,3854.0,967.4000000000001,2028.5,6213.0,8890.399999999996,101904.0,53198.25,78533.0,133778.0,212387.05,652.0,295.8,469.75,937.0,1428.75,148.0,71.0,106.5,207.25,308.44999999999993,1030.0,583.65,753.75,1484.5,2448.9999999999986,159822.5,99823.9,122774.25,222119.25,348831.4999999998
261,2020-11-28,31604.0,15610.7,22105.75,42041.75,62381.14999999998,3578.5,867.8500000000001,1858.25,5847.5,8270.749999999996,102153.5,53308.5,78808.0,134265.5,213100.3,626.0,284.0,448.5,899.0,1371.1,145.0,70.0,101.25,196.75,300.59999999999997,1046.0,587.3,768.75,1503.25,2500.4999999999986,160327.0,100244.75,123157.5,222811.5,350147.7499999998
262,2020-11-29,30185.5,14748.150000000001,20971.75,39794.5,58588.09999999998,3357.5,761.25,1685.25,5465.5,7704.949999999997,102383.0,53414.149999999994,79072.75,134714.75,213793.84999999998,601.0,273.85,430.75,850.25,1319.85,136.0,66.45,98.0,191.5,291.4,1057.5,594.8,779.75,1521.0,2544.9499999999985,160785.0,100643.1,123523.75,223414.0,351348.5999999998
263,2020-11-30,28770.5,13968.7,19686.5,37623.25,54978.99999999998,3124.5,665.5,1550.5,5068.25,7130.199999999997,102585.5,53515.35,79326.5,135134.75,214419.0,576.5,256.85,405.0,816.5,1243.4,131.0,62.8,93.0,179.0,280.4,1075.5,600.25,789.0,1538.0,2593.6499999999987,161193.5,101009.25,123872.75,224020.75,352470.19999999984
264,2020-12-01,27211.5,13238.150000000001,18426.75,35546.25,51598.59999999998,2897.5,595.6000000000001,1440.5,4697.75,6538.399999999998,102780.0,53594.0,79566.25,135538.25,215003.59999999998,559.0,242.60000000000002,395.75,775.75,1195.55,127.0,58.25,88.25,172.5,269.24999999999994,1087.5,608.9,797.75,1557.0,2640.0999999999985,161573.0,101355.05,124186.0,224558.0,353518.19999999984
265,2020-12-02,25629.5,12518.5,17319.75,33614.25,48489.74999999998,2690.0,551.95,1304.5,4396.0,6047.449999999998,102966.0,53672.55,79777.0,135919.25,215524.8,527.0,235.8,381.5,734.75,1139.3,124.0,54.25,86.25,170.25,255.2,1099.0,613.45,808.5,1572.0,2681.0499999999984,161921.5,101675.3,124586.25,225039.0,354502.19999999984
266,2020-12-03,24160.5,11843.25,16270.25,31838.75,45436.049999999974,2499.5,494.85,1193.75,4105.5,5581.049999999998,103124.5,53744.7,79970.0,136259.5,215990.15,496.0,218.90000000000003,371.0,706.0,1086.25,119.0,51.7,82.25,167.0,242.0,1111.5,619.8,822.0,1592.25,2717.0999999999985,162231.0,101966.15,125136.25,225481.0,355424.6499999998
267,2020-12-04,22769.5,11257.150000000001,15305.0,30154.5,42677.549999999974,2319.0,471.1,1081.25,3794.5,5138.249999999998,103265.5,53818.05,80150.25,136566.75,216430.25,467.0,208.35,351.5,666.25,1030.9499999999998,113.0,48.7,79.5,159.25,233.0,1124.5,628.6,831.5,1605.25,2753.949999999998,162533.5,102234.20000000001,125626.0,225893.0,356212.3999999998
268,2020-12-05,21496.0,10682.55,14412.75,28555.75,40097.699999999975,2141.5,445.20000000000005,1016.75,3529.0,4749.249999999999,103410.0,53889.05,80312.25,136843.0,216827.15,445.0,203.05,328.25,625.5,984.8499999999999,108.0,47.7,74.0,150.75,222.14999999999998,1130.0,634.5,845.25,1620.75,2787.999999999998,162809.5,102496.79999999999,126134.0,226293.75,356917.14999999985
269,2020-12-06,20275.5,10151.95,13563.75,27199.5,37703.89999999998,1967.5,411.95000000000005,935.5,3289.0,4422.249999999999,103536.0,53945.9,80473.25,137101.75,217195.0,425.5,191.2,309.25,594.5,939.1499999999999,102.0,45.8,72.25,142.75,214.29999999999998,1139.0,637.95,853.5,1633.75,2826.249999999998,163055.5,102740.0,126597.75,226657.75,357590.09999999986
270,2020-12-07,19215.0,9670.25,12762.75,25860.25,35404.39999999998,1822.0,382.1,863.5,3054.75,4112.849999999999,103651.0,54003.0,80626.0,137350.75,217527.65,406.5,181.75,294.0,560.5,884.6999999999998,97.5,45.150000000000006,70.5,136.5,205.29999999999998,1148.0,642.15,861.25,1650.0,2859.849999999998,163269.5,102945.65,127023.0,226986.75,358208.94999999984
271,2020-12-08,18079.5,9195.15,12039.5,24562.25,33247.74999999998,1687.0,349.75000000000006,765.75,2843.75,3825.6999999999994,103752.5,54058.95,80754.75,137575.5,217845.8,387.0,173.7,280.5,525.5,840.3999999999999,93.5,43.6,64.25,128.25,198.59999999999997,1164.5,645.05,870.75,1663.0,2889.7999999999984,163487.0,103145.95000000001,127429.75,227275.0,358763.39999999985
272,2020-12-09,17024.0,8777.5,11391.25,23383.25,31268.29999999998,1576.0,325.05000000000007,700.0,2643.5,3554.999999999999,103861.0,54107.8,80876.75,137783.5,218138.55,368.0,164.64999999999998,271.5,494.25,794.9499999999998,89.5,42.6,63.75,118.25,188.95,1178.0,649.5,881.25,1668.0,2926.699999999998,163683.5,103326.25,127678.75,227553.0,359281.19999999984
273,2020-12-10,16036.5,8366.5,10798.5,22268.0,29374.449999999983,1451.5,296.40000000000003,643.75,2472.5,3256.3499999999995,103944.5,54149.35,80996.75,137976.5,218400.84999999998,354.0,158.4,259.75,468.25,758.9999999999999,86.5,41.5,61.5,114.75,182.75,1186.0,654.6,891.5,1678.5,2951.949999999998,163852.5,103497.35,127890.0,227805.5,359781.84999999986
274,2020-12-11,15163.0,8011.300000000001,10231.25,21217.5,27665.399999999983,1339.5,272.40000000000003,567.25,2285.5,3007.5499999999997,104024.0,54193.2,81097.0,138171.25,218627.5,335.5,148.15,249.0,449.5,720.5999999999999,81.5,38.6,59.75,110.25,173.55,1196.5,660.4,898.0,1690.75,2978.749999999998,164009.0,103646.65,128064.0,228026.25,360217.84999999986
275,2020-12-12,14376.0,7678.1,9693.25,20195.0,26041.349999999984,1239.5,243.75000000000003,516.0,2121.75,2781.5,104107.5,54226.100000000006,81176.25,138328.75,218842.09999999998,320.0,146.45,235.0,430.75,680.5999999999999,77.5,35.7,58.25,106.0,162.84999999999997,1206.5,663.75,906.5,1703.75,3000.599999999998,164175.5,103784.65,128228.5,228233.75,360626.44999999984
276,2020-12-13,13714.0,7362.15,9204.5,19288.0,24553.549999999985,1142.0,222.15000000000003,469.0,1956.25,2576.5499999999997,104177.0,54261.899999999994,81266.75,138487.0,219039.45,308.5,138.6,224.5,400.25,649.8,74.0,34.05,55.75,102.25,158.59999999999997,1216.5,666.4000000000001,911.75,1713.5,3027.999999999998,164302.0,103918.2,128395.5,228435.75,361008.34999999986
277,2020-12-14,13111.5,7058.1,8778.5,18372.25,23305.599999999984,1048.0,208.60000000000002,422.5,1811.5,2372.0,104243.0,54293.899999999994,81355.5,138622.25,219211.75,292.5,129.9,210.0,376.25,616.3499999999999,70.5,33.15,54.0,98.5,149.79999999999995,1226.5,669.4,916.5,1722.25,3049.149999999998,164421.0,104030.3,128544.75,228613.25,361329.64999999985
278,2020-12-15,12570.0,6781.1,8415.5,17541.0,22045.249999999985,957.0,182.60000000000002,391.25,1665.75,2212.7,104305.5,54320.8,81433.0,138755.5,219382.7,275.0,121.25,193.25,360.0,578.9499999999998,67.0,32.25,51.0,94.5,140.34999999999997,1233.5,672.3,921.5,1731.25,3070.749999999998,164553.0,104146.45,128685.0,228774.25,361630.59999999986
279,2020-12-16,12056.0,6539.0,8091.5,16766.25,20888.04999999999,870.0,164.55,358.0,1564.25,2058.9,104362.0,54347.05,81502.0,138880.0,219544.0,264.5,111.9,183.75,349.5,543.8499999999999,63.5,30.8,47.5,88.75,134.24999999999994,1240.0,674.3,924.25,1739.25,3090.899999999998,164653.0,104249.4,128829.5,228926.0,361922.84999999986
280,2020-12-17,11544.5,6290.55,7775.75,16021.75,19796.44999999999,811.0,148.90000000000003,324.0,1431.75,1914.4999999999995,104416.0,54367.55,81564.0,138990.75,219690.95,254.5,103.0,178.25,328.5,518.7499999999999,61.5,29.35,45.75,84.5,129.04999999999995,1244.5,677.75,927.25,1753.25,3112.3499999999976,164754.0,104339.1,128944.75,229068.25,362173.6499999998
281,2020-12-18,11088.0,6053.4,7513.0,15254.0,18789.99999999999,744.5,131.90000000000003,313.0,1364.75,1793.2499999999995,104461.5,54387.3,81633.0,139098.0,219820.95,241.5,97.9,167.25,299.0,484.04999999999995,59.5,28.0,44.25,79.75,124.04999999999997,1249.0,682.0,929.75,1762.5,3129.0999999999976,164850.0,104424.95,129057.75,229200.5,362434.19999999984
282,2020-12-19,10642.5,5858.75,7264.25,14503.75,17831.24999999999,681.5,126.75000000000001,290.75,1248.75,1675.4499999999996,104508.0,54408.45,81697.0,139198.0,219933.85,234.5,90.35,161.0,290.0,457.4999999999999,56.0,25.450000000000003,43.25,76.75,115.29999999999998,1253.0,685.8,939.5,1770.5,3154.899999999998,164935.5,104511.25,129158.25,229320.75,362635.94999999984
283,2020-12-20,10220.0,5669.200000000001,7048.75,13846.5,16949.59999999999,629.0,112.9,268.5,1177.0,1576.8499999999995,104547.0,54425.350000000006,81746.0,139294.25,220041.55,220.5,86.0,156.5,273.0,428.7999999999999,54.5,24.0,41.25,71.75,110.1,1257.5,687.8,943.25,1778.0,3169.5499999999975,165019.0,104581.1,129259.5,229424.25,362851.7499999999
284,2020-12-21,9844.0,5476.200000000001,6827.25,13227.0,16123.399999999992,579.5,102.55000000000001,239.0,1085.5,1482.4499999999994,104580.5,54442.600000000006,81796.25,139371.0,220137.75,210.0,83.44999999999999,145.75,266.25,403.0999999999999,52.0,24.45,39.25,69.0,100.64999999999999,1263.5,690.35,947.75,1783.5,3183.949999999998,165089.0,104653.95,129353.0,229534.75,363027.84999999986
285,2020-12-22,9473.0,5298.75,6651.75,12707.75,15369.699999999993,535.0,96.60000000000002,211.0,1019.5,1381.0499999999995,104617.5,54462.2,81844.25,139451.0,220229.2,202.0,76.44999999999999,137.5,245.75,385.9999999999999,50.5,21.35,37.0,66.5,98.19999999999999,1267.5,692.45,953.25,1789.75,3198.8499999999976,165155.5,104720.8,129449.0,229632.75,363196.94999999984
286,2020-12-23,9135.5,5146.65,6480.0,12214.25,14689.849999999993,486.5,92.35000000000001,186.5,925.75,1296.5499999999993,104648.5,54479.899999999994,81891.75,139517.0,220313.75,194.0,74.05,132.25,232.0,369.89999999999986,48.0,21.25,37.0,64.5,96.74999999999999,1273.5,695.55,956.5,1797.25,3211.699999999998,165219.0,104782.35,129530.0,229722.75,363334.4999999998
287,2020-12-24,8831.0,4992.2,6329.5,11723.75,14016.149999999994,441.0,79.85000000000001,170.5,879.25,1229.4499999999994,104675.5,54489.65,81929.25,139584.0,220390.3,184.5,72.15,127.5,225.0,356.5,44.5,19.8,33.5,62.5,93.49999999999997,1279.5,696.55,960.25,1804.5,3223.7499999999977,165268.5,104828.75,129609.25,229801.0,363468.09999999986
288,2020-12-25,8559.0,4855.200000000001,6204.75,11178.0,13386.349999999995,418.0,71.25000000000001,155.0,808.0,1149.3999999999992,104699.5,54502.05,81967.25,139658.25,220455.65,176.0,68.6,123.0,210.75,340.1,43.5,18.8,31.25,61.0,91.49999999999997,1284.5,697.45,963.75,1810.5,3239.2499999999977,165323.0,104875.04999999999,129680.25,229881.0,363594.34999999986
289,2020-12-26,8262.5,4709.35,6037.25,10720.25,12840.399999999994,381.0,64.85000000000001,148.0,764.25,1090.8999999999992,104730.0,54514.899999999994,81990.25,139714.25,220513.25,169.0,66.8,114.25,203.25,318.4,42.0,18.8,29.75,60.5,85.84999999999998,1288.0,697.45,967.75,1813.0,3249.899999999998,165372.5,104921.25,129736.0,229938.5,363715.09999999986
290,2020-12-27,7965.0,4569.5,5894.75,10360.5,12284.199999999995,356.5,53.80000000000001,137.75,703.5,1038.9499999999994,104752.0,54526.5,82016.0,139763.25,220573.15,154.0,61.349999999999994,109.25,191.5,303.75,40.0,17.8,28.75,57.0,81.64999999999999,1292.0,698.45,968.75,1817.75,3258.899999999998,165412.0,104959.65,129799.5,230008.75,363814.89999999985
